[debug] [2026-03-13T17:51:02.039Z] ----------------------------------------------------------------------
[debug] [2026-03-13T17:51:02.047Z] Command:       C:\Program Files\nodejs\node.exe C:\Users\Troy\AppData\Roaming\npm\node_modules\firebase-tools\lib\bin\firebase.js deploy --only functions
[debug] [2026-03-13T17:51:02.048Z] CLI Version:   15.6.0
[debug] [2026-03-13T17:51:02.048Z] Platform:      win32
[debug] [2026-03-13T17:51:02.049Z] Node Version:  v24.11.0
[debug] [2026-03-13T17:51:02.049Z] Time:          Fri Mar 13 2026 12:51:02 GMT-0500 (Central Daylight Time)
[debug] [2026-03-13T17:51:02.049Z] ----------------------------------------------------------------------
[debug] 
[debug] [2026-03-13T17:51:04.916Z] > command requires scopes: ["email","openid","https://www.googleapis.com/auth/cloudplatformprojects.readonly","https://www.googleapis.com/auth/firebase","https://www.googleapis.com/auth/cloud-platform"]
[debug] [2026-03-13T17:51:04.918Z] > authorizing via signed-in user (troykirk@protonmail.com)
[debug] [2026-03-13T17:51:04.918Z] [iam] checking project mybaseballpassport for permissions ["cloudfunctions.functions.create","cloudfunctions.functions.delete","cloudfunctions.functions.get","cloudfunctions.functions.list","cloudfunctions.functions.update","cloudfunctions.operations.get","firebase.projects.get"]
[debug] [2026-03-13T17:51:04.920Z] Checked if tokens are valid: false, expires at: 1773424546740
[debug] [2026-03-13T17:51:04.920Z] Checked if tokens are valid: false, expires at: 1773424546740
[debug] [2026-03-13T17:51:04.920Z] > refreshing access token with scopes: []
[debug] [2026-03-13T17:51:04.922Z] >>> [apiv2][query] POST https://www.googleapis.com/oauth2/v3/token [none]
[debug] [2026-03-13T17:51:04.922Z] >>> [apiv2][body] POST https://www.googleapis.com/oauth2/v3/token [omitted]
[debug] [2026-03-13T17:51:05.234Z] <<< [apiv2][status] POST https://www.googleapis.com/oauth2/v3/token 200
[debug] [2026-03-13T17:51:05.234Z] <<< [apiv2][body] POST https://www.googleapis.com/oauth2/v3/token [omitted]
[debug] [2026-03-13T17:51:05.242Z] >>> [apiv2][query] POST https://cloudresourcemanager.googleapis.com/v1/projects/mybaseballpassport:testIamPermissions [none]
[debug] [2026-03-13T17:51:05.242Z] >>> [apiv2][(partial)header] POST https://cloudresourcemanager.googleapis.com/v1/projects/mybaseballpassport:testIamPermissions  x-goog-user-project=mybaseballpassport
[debug] [2026-03-13T17:51:05.242Z] >>> [apiv2][body] POST https://cloudresourcemanager.googleapis.com/v1/projects/mybaseballpassport:testIamPermissions {"permissions":["cloudfunctions.functions.create","cloudfunctions.functions.delete","cloudfunctions.functions.get","cloudfunctions.functions.list","cloudfunctions.functions.update","cloudfunctions.operations.get","firebase.projects.get"]}
[debug] [2026-03-13T17:51:05.421Z] <<< [apiv2][status] POST https://cloudresourcemanager.googleapis.com/v1/projects/mybaseballpassport:testIamPermissions 200
[debug] [2026-03-13T17:51:05.421Z] <<< [apiv2][body] POST https://cloudresourcemanager.googleapis.com/v1/projects/mybaseballpassport:testIamPermissions {"permissions":["cloudfunctions.functions.create","cloudfunctions.functions.delete","cloudfunctions.functions.get","cloudfunctions.functions.list","cloudfunctions.functions.update","cloudfunctions.operations.get","firebase.projects.get"]}
[debug] [2026-03-13T17:51:05.422Z] Checked if tokens are valid: true, expires at: 1773427864234
[debug] [2026-03-13T17:51:05.422Z] Checked if tokens are valid: true, expires at: 1773427864234
[debug] [2026-03-13T17:51:05.422Z] >>> [apiv2][query] POST https://iam.googleapis.com/v1/projects/mybaseballpassport/serviceAccounts/mybaseballpassport@appspot.gserviceaccount.com:testIamPermissions [none]
[debug] [2026-03-13T17:51:05.422Z] >>> [apiv2][body] POST https://iam.googleapis.com/v1/projects/mybaseballpassport/serviceAccounts/mybaseballpassport@appspot.gserviceaccount.com:testIamPermissions {"permissions":["iam.serviceAccounts.actAs"]}
[debug] [2026-03-13T17:51:05.618Z] <<< [apiv2][status] POST https://iam.googleapis.com/v1/projects/mybaseballpassport/serviceAccounts/mybaseballpassport@appspot.gserviceaccount.com:testIamPermissions 200
[debug] [2026-03-13T17:51:05.618Z] <<< [apiv2][body] POST https://iam.googleapis.com/v1/projects/mybaseballpassport/serviceAccounts/mybaseballpassport@appspot.gserviceaccount.com:testIamPermissions {"permissions":["iam.serviceAccounts.actAs"]}
[info] 
[info] === Deploying to 'mybaseballpassport'...
[info] 
[info] i  deploying functions 
[info] Running command: npm --prefix "$RESOURCE_DIR" run build
[info] +  functions: Finished running predeploy script. 
[debug] [2026-03-13T17:51:13.581Z] Checked if tokens are valid: true, expires at: 1773427864234
[debug] [2026-03-13T17:51:13.581Z] Checked if tokens are valid: true, expires at: 1773427864234
[debug] [2026-03-13T17:51:13.581Z] >>> [apiv2][query] GET https://cloudresourcemanager.googleapis.com/v1/projects/mybaseballpassport [none]
[debug] [2026-03-13T17:51:13.858Z] <<< [apiv2][status] GET https://cloudresourcemanager.googleapis.com/v1/projects/mybaseballpassport 200
[debug] [2026-03-13T17:51:13.858Z] <<< [apiv2][body] GET https://cloudresourcemanager.googleapis.com/v1/projects/mybaseballpassport {"projectNumber":"171882071353","projectId":"mybaseballpassport","lifecycleState":"ACTIVE","name":"MyBaseballPassport","labels":{"firebase":"enabled","firebase-core":"disabled"},"createTime":"2026-03-06T20:40:51.299175Z"}
[info] i  functions: preparing codebase default for deployment 
[info] i  functions: ensuring required API cloudfunctions.googleapis.com is enabled... 
[info] i  functions: ensuring required API cloudbuild.googleapis.com is enabled... 
[info] i  artifactregistry: ensuring required API artifactregistry.googleapis.com is enabled... 
[debug] [2026-03-13T17:51:13.862Z] Checked if tokens are valid: true, expires at: 1773427864234
[debug] [2026-03-13T17:51:13.862Z] Checked if tokens are valid: true, expires at: 1773427864234
[debug] [2026-03-13T17:51:13.862Z] >>> [apiv2][query] GET https://firebase.googleapis.com/v1beta1/projects/mybaseballpassport/adminSdkConfig [none]
[debug] [2026-03-13T17:51:14.366Z] <<< [apiv2][status] GET https://firebase.googleapis.com/v1beta1/projects/mybaseballpassport/adminSdkConfig 200
[debug] [2026-03-13T17:51:14.366Z] <<< [apiv2][body] GET https://firebase.googleapis.com/v1beta1/projects/mybaseballpassport/adminSdkConfig {"projectId":"mybaseballpassport","storageBucket":"mybaseballpassport.firebasestorage.app"}
[debug] [2026-03-13T17:51:14.368Z] Validating nodejs source
[warn] !  functions: package.json indicates an outdated version of firebase-functions. Please upgrade using npm install --save firebase-functions@latest in your functions directory. 
[debug] [2026-03-13T17:51:15.355Z] > [functions] package.json contents: {
  "name": "functions",
  "scripts": {
    "build": "tsc",
    "build:watch": "tsc --watch",
    "serve": "npm run build && firebase emulators:start --only functions",
    "shell": "npm run build && firebase functions:shell",
    "start": "npm run shell",
    "deploy": "firebase deploy --only functions",
    "logs": "firebase functions:log"
  },
  "engines": {
    "node": "24"
  },
  "main": "lib/index.js",
  "dependencies": {
    "expo-server-sdk": "^4.0.0",
    "firebase-admin": "^13.6.0",
    "firebase-functions": "^7.0.0",
    "node-fetch": "^2.7.0"
  },
  "devDependencies": {
    "@types/node-fetch": "^2.6.13",
    "firebase-functions-test": "^3.4.1",
    "typescript": "^5.7.3"
  },
  "private": true
}
[debug] [2026-03-13T17:51:15.355Z] Building nodejs source
[info] i  functions: Loading and analyzing source code for codebase default to determine what to deploy 
[debug] [2026-03-13T17:51:15.357Z] Could not find functions.yaml. Must use http discovery
[debug] [2026-03-13T17:51:15.364Z] Found firebase-functions binary at 'C:\Apps\MyBaseballPassport\functions\node_modules\.bin\firebase-functions'
[info] Serving at port 8608

[debug] [2026-03-13T17:51:15.998Z] Got response from /__/functions.yaml {"endpoints":{"deleteUserAccount":{"availableMemoryMb":null,"timeoutSeconds":null,"minInstances":null,"maxInstances":null,"ingressSettings":null,"concurrency":null,"serviceAccountEmail":null,"vpc":null,"platform":"gcfv2","labels":{},"callableTrigger":{},"entryPoint":"deleteUserAccount"},"sendPushNotification":{"availableMemoryMb":null,"timeoutSeconds":null,"minInstances":null,"maxInstances":null,"ingressSettings":null,"concurrency":null,"serviceAccountEmail":null,"vpc":null,"platform":"gcfv2","labels":{},"callableTrigger":{},"entryPoint":"sendPushNotification"},"onFriendRequest":{"availableMemoryMb":null,"timeoutSeconds":null,"minInstances":null,"maxInstances":null,"ingressSettings":null,"concurrency":null,"serviceAccountEmail":null,"vpc":null,"platform":"gcfv2","labels":{},"eventTrigger":{"eventType":"google.cloud.firestore.document.v1.created","eventFilters":{"database":"(default)","namespace":"(default)"},"eventFilterPathPatterns":{"document":"profiles/{targetUid}/friendRequests/{requestId}"},"retry":false},"entryPoint":"onFriendRequest"},"onCheerAdded":{"availableMemoryMb":null,"timeoutSeconds":null,"minInstances":null,"maxInstances":null,"ingressSettings":null,"concurrency":null,"serviceAccountEmail":null,"vpc":null,"platform":"gcfv2","labels":{},"eventTrigger":{"eventType":"google.cloud.firestore.document.v1.created","eventFilters":{"database":"(default)","namespace":"(default)"},"eventFilterPathPatterns":{"document":"profiles/{ownerUid}/checkins/{checkinId}/cheers/{cheerId}"},"retry":false},"entryPoint":"onCheerAdded"},"onChirpAdded":{"availableMemoryMb":null,"timeoutSeconds":null,"minInstances":null,"maxInstances":null,"ingressSettings":null,"concurrency":null,"serviceAccountEmail":null,"vpc":null,"platform":"gcfv2","labels":{},"eventTrigger":{"eventType":"google.cloud.firestore.document.v1.created","eventFilters":{"database":"(default)","namespace":"(default)"},"eventFilterPathPatterns":{"document":"profiles/{ownerUid}/checkins/{checkinId}/chirps/{chirpId}"},"retry":false},"entryPoint":"onChirpAdded"},"deleteCheckin":{"availableMemoryMb":null,"timeoutSeconds":null,"minInstances":null,"maxInstances":null,"ingressSettings":null,"concurrency":null,"serviceAccountEmail":null,"vpc":null,"platform":"gcfv2","labels":{},"callableTrigger":{},"entryPoint":"deleteCheckin"},"onFriendCheckin":{"availableMemoryMb":null,"timeoutSeconds":null,"minInstances":null,"maxInstances":null,"ingressSettings":null,"concurrency":null,"serviceAccountEmail":null,"vpc":null,"platform":"gcfv2","labels":{},"eventTrigger":{"eventType":"google.cloud.firestore.document.v1.created","eventFilters":{"database":"(default)","namespace":"(default)"},"eventFilterPathPatterns":{"document":"profiles/{userUid}/checkins/{checkinId}"},"retry":false},"entryPoint":"onFriendCheckin"}},"specVersion":"v1alpha1","requiredAPIs":[],"extensions":{}}
[info] i  extensions: ensuring required API firebaseextensions.googleapis.com is enabled... 
[debug] [2026-03-13T17:51:20.039Z] > command requires scopes: ["email","openid","https://www.googleapis.com/auth/cloudplatformprojects.readonly","https://www.googleapis.com/auth/firebase","https://www.googleapis.com/auth/cloud-platform"]
[debug] [2026-03-13T17:51:20.039Z] > authorizing via signed-in user (troykirk@protonmail.com)
[debug] [2026-03-13T17:51:20.039Z] [iam] checking project mybaseballpassport for permissions ["firebase.projects.get","firebaseextensions.instances.list"]
[debug] [2026-03-13T17:51:20.040Z] Checked if tokens are valid: true, expires at: 1773427864234
[debug] [2026-03-13T17:51:20.040Z] Checked if tokens are valid: true, expires at: 1773427864234
[debug] [2026-03-13T17:51:20.040Z] >>> [apiv2][query] POST https://cloudresourcemanager.googleapis.com/v1/projects/mybaseballpassport:testIamPermissions [none]
[debug] [2026-03-13T17:51:20.040Z] >>> [apiv2][(partial)header] POST https://cloudresourcemanager.googleapis.com/v1/projects/mybaseballpassport:testIamPermissions  x-goog-user-project=mybaseballpassport
[debug] [2026-03-13T17:51:20.040Z] >>> [apiv2][body] POST https://cloudresourcemanager.googleapis.com/v1/projects/mybaseballpassport:testIamPermissions {"permissions":["firebase.projects.get","firebaseextensions.instances.list"]}
[debug] [2026-03-13T17:51:22.330Z] <<< [apiv2][status] POST https://cloudresourcemanager.googleapis.com/v1/projects/mybaseballpassport:testIamPermissions 200
[debug] [2026-03-13T17:51:22.330Z] <<< [apiv2][body] POST https://cloudresourcemanager.googleapis.com/v1/projects/mybaseballpassport:testIamPermissions {"permissions":["firebase.projects.get","firebaseextensions.instances.list"]}
[debug] [2026-03-13T17:51:22.331Z] Checked if tokens are valid: true, expires at: 1773427864234
[debug] [2026-03-13T17:51:22.331Z] Checked if tokens are valid: true, expires at: 1773427864234
[debug] [2026-03-13T17:51:22.332Z] >>> [apiv2][query] GET https://firebaseextensions.googleapis.com/v1beta/projects/mybaseballpassport/instances pageSize=100&pageToken=
[debug] [2026-03-13T17:51:23.146Z] <<< [apiv2][status] GET https://firebaseextensions.googleapis.com/v1beta/projects/mybaseballpassport/instances 200
[debug] [2026-03-13T17:51:23.146Z] <<< [apiv2][body] GET https://firebaseextensions.googleapis.com/v1beta/projects/mybaseballpassport/instances {}
[info] i  functions: preparing functions directory for uploading... 
[info] i  functions: packaged C:\Apps\MyBaseballPassport\functions (80.28 KB) for uploading 
[debug] [2026-03-13T17:51:23.185Z] Checked if tokens are valid: true, expires at: 1773427864234
[debug] [2026-03-13T17:51:23.185Z] Checked if tokens are valid: true, expires at: 1773427864234
[debug] [2026-03-13T17:51:23.185Z] >>> [apiv2][query] GET https://cloudfunctions.googleapis.com/v1/projects/mybaseballpassport/locations/-/functions [none]
[debug] [2026-03-13T17:51:25.921Z] <<< [apiv2][status] GET https://cloudfunctions.googleapis.com/v1/projects/mybaseballpassport/locations/-/functions 200
[debug] [2026-03-13T17:51:25.921Z] <<< [apiv2][body] GET https://cloudfunctions.googleapis.com/v1/projects/mybaseballpassport/locations/-/functions {}
[debug] [2026-03-13T17:51:25.922Z] Checked if tokens are valid: true, expires at: 1773427864234
[debug] [2026-03-13T17:51:25.922Z] Checked if tokens are valid: true, expires at: 1773427864234
[debug] [2026-03-13T17:51:25.922Z] >>> [apiv2][query] GET https://cloudfunctions.googleapis.com/v2/projects/mybaseballpassport/locations/-/functions filter=environment%3D%22GEN_2%22
[debug] [2026-03-13T17:51:26.426Z] <<< [apiv2][status] GET https://cloudfunctions.googleapis.com/v2/projects/mybaseballpassport/locations/-/functions 200
[debug] [2026-03-13T17:51:26.426Z] <<< [apiv2][body] GET https://cloudfunctions.googleapis.com/v2/projects/mybaseballpassport/locations/-/functions {}
[debug] [2026-03-13T17:51:26.428Z] Checked if tokens are valid: true, expires at: 1773427864234
[debug] [2026-03-13T17:51:26.428Z] Checked if tokens are valid: true, expires at: 1773427864234
[debug] [2026-03-13T17:51:26.428Z] >>> [apiv2][query] GET https://firestore.googleapis.com/v1/projects/mybaseballpassport/databases/(default) [none]
[debug] [2026-03-13T17:51:26.674Z] <<< [apiv2][status] GET https://firestore.googleapis.com/v1/projects/mybaseballpassport/databases/(default) 200
[debug] [2026-03-13T17:51:26.674Z] <<< [apiv2][body] GET https://firestore.googleapis.com/v1/projects/mybaseballpassport/databases/(default) {"name":"projects/mybaseballpassport/databases/(default)","uid":"8d2e0f5e-1513-462d-b03c-cb704e122f69","createTime":"2026-03-07T20:08:35.321262Z","updateTime":"2026-03-07T20:08:35.321262Z","locationId":"nam5","type":"FIRESTORE_NATIVE","concurrencyMode":"PESSIMISTIC","versionRetentionPeriod":"3600s","earliestVersionTime":"2026-03-13T16:51:27.043726Z","appEngineIntegrationMode":"DISABLED","keyPrefix":"s","pointInTimeRecoveryEnablement":"POINT_IN_TIME_RECOVERY_DISABLED","deleteProtectionState":"DELETE_PROTECTION_DISABLED","databaseEdition":"STANDARD","freeTier":true,"realtimeUpdatesMode":"REALTIME_UPDATES_MODE_ENABLED","etag":"IKicqaW4nZMDMIiA9NXMjpMD"}
[info] i  functions: ensuring required API run.googleapis.com is enabled... 
[info] i  functions: ensuring required API eventarc.googleapis.com is enabled... 
[info] i  functions: ensuring required API pubsub.googleapis.com is enabled... 
[info] i  functions: ensuring required API storage.googleapis.com is enabled... 
[info] i  functions: generating the service identity for pubsub.googleapis.com... 
[debug] [2026-03-13T17:51:26.681Z] Checked if tokens are valid: true, expires at: 1773427864234
[debug] [2026-03-13T17:51:26.681Z] Checked if tokens are valid: true, expires at: 1773427864234
[info] i  functions: generating the service identity for eventarc.googleapis.com... 
[debug] [2026-03-13T17:51:26.682Z] Checked if tokens are valid: true, expires at: 1773427864234
[debug] [2026-03-13T17:51:26.682Z] Checked if tokens are valid: true, expires at: 1773427864234
[debug] [2026-03-13T17:51:26.682Z] >>> [apiv2][query] POST https://serviceusage.googleapis.com/v1beta1/projects/171882071353/services/pubsub.googleapis.com:generateServiceIdentity [none]
[debug] [2026-03-13T17:51:26.682Z] >>> [apiv2][(partial)header] POST https://serviceusage.googleapis.com/v1beta1/projects/171882071353/services/pubsub.googleapis.com:generateServiceIdentity  x-goog-user-project=171882071353
[debug] [2026-03-13T17:51:26.682Z] >>> [apiv2][body] POST https://serviceusage.googleapis.com/v1beta1/projects/171882071353/services/pubsub.googleapis.com:generateServiceIdentity {}
[debug] [2026-03-13T17:51:26.683Z] >>> [apiv2][query] POST https://serviceusage.googleapis.com/v1beta1/projects/171882071353/services/eventarc.googleapis.com:generateServiceIdentity [none]
[debug] [2026-03-13T17:51:26.683Z] >>> [apiv2][(partial)header] POST https://serviceusage.googleapis.com/v1beta1/projects/171882071353/services/eventarc.googleapis.com:generateServiceIdentity  x-goog-user-project=171882071353
[debug] [2026-03-13T17:51:26.683Z] >>> [apiv2][body] POST https://serviceusage.googleapis.com/v1beta1/projects/171882071353/services/eventarc.googleapis.com:generateServiceIdentity {}
[debug] [2026-03-13T17:51:27.006Z] <<< [apiv2][status] POST https://serviceusage.googleapis.com/v1beta1/projects/171882071353/services/eventarc.googleapis.com:generateServiceIdentity 200
[debug] [2026-03-13T17:51:27.007Z] <<< [apiv2][body] POST https://serviceusage.googleapis.com/v1beta1/projects/171882071353/services/eventarc.googleapis.com:generateServiceIdentity {"name":"operations/finished.DONE_OPERATION","done":true,"response":{"@type":"type.googleapis.com/google.api.serviceusage.v1beta1.ServiceIdentity","email":"service-171882071353@gcp-sa-eventarc.iam.gserviceaccount.com","uniqueId":"106625868207321386320"}}
[debug] [2026-03-13T17:51:27.011Z] <<< [apiv2][status] POST https://serviceusage.googleapis.com/v1beta1/projects/171882071353/services/pubsub.googleapis.com:generateServiceIdentity 200
[debug] [2026-03-13T17:51:27.011Z] <<< [apiv2][body] POST https://serviceusage.googleapis.com/v1beta1/projects/171882071353/services/pubsub.googleapis.com:generateServiceIdentity {"name":"operations/finished.DONE_OPERATION","done":true,"response":{"@type":"type.googleapis.com/google.api.serviceusage.v1beta1.ServiceIdentity","email":"service-171882071353@gcp-sa-pubsub.iam.gserviceaccount.com","uniqueId":"109022098240010723024"}}
[debug] [2026-03-13T17:51:27.014Z] Checked if tokens are valid: true, expires at: 1773427864234
[debug] [2026-03-13T17:51:27.014Z] Checked if tokens are valid: true, expires at: 1773427864234
[debug] [2026-03-13T17:51:27.014Z] >>> [apiv2][query] GET https://compute.googleapis.com/compute/v1/projects/171882071353 [none]
[debug] [2026-03-13T17:51:27.209Z] <<< [apiv2][status] GET https://compute.googleapis.com/compute/v1/projects/171882071353 403
[debug] [2026-03-13T17:51:27.209Z] <<< [apiv2][body] GET https://compute.googleapis.com/compute/v1/projects/171882071353 {"error":{"code":403,"message":"Compute Engine API has not been used in project 171882071353 before or it is disabled. Enable it by visiting https://console.developers.google.com/apis/api/compute.googleapis.com/overview?project=171882071353 then retry. If you enabled this API recently, wait a few minutes for the action to propagate to our systems and retry.","errors":[{"message":"Compute Engine API has not been used in project 171882071353 before or it is disabled. Enable it by visiting https://console.developers.google.com/apis/api/compute.googleapis.com/overview?project=171882071353 then retry. If you enabled this API recently, wait a few minutes for the action to propagate to our systems and retry.","domain":"usageLimits","reason":"accessNotConfigured","extendedHelp":"https://console.developers.google.com"}],"status":"PERMISSION_DENIED","details":[{"@type":"type.googleapis.com/google.rpc.ErrorInfo","reason":"SERVICE_DISABLED","domain":"googleapis.com","metadata":{"consumer":"projects/171882071353","service":"compute.googleapis.com","serviceTitle":"Compute Engine API","containerInfo":"171882071353","activationUrl":"https://console.developers.google.com/apis/api/compute.googleapis.com/overview?project=171882071353"}},{"@type":"type.googleapis.com/google.rpc.LocalizedMessage","locale":"en-US","message":"Compute Engine API has not been used in project 171882071353 before or it is disabled. Enable it by visiting https://console.developers.google.com/apis/api/compute.googleapis.com/overview?project=171882071353 then retry. If you enabled this API recently, wait a few minutes for the action to propagate to our systems and retry."},{"@type":"type.googleapis.com/google.rpc.Help","links":[{"description":"Google developers console API activation","url":"https://console.developers.google.com/apis/api/compute.googleapis.com/overview?project=171882071353"}]}]}}
[debug] [2026-03-13T17:51:27.210Z] unable to look up default compute service account. Falling back to 171882071353-compute@developer.gserviceaccount.com. Error: {"name":"FirebaseError","children":[],"context":{"body":{"error":{"code":403,"message":"Compute Engine API has not been used in project 171882071353 before or it is disabled. Enable it by visiting https://console.developers.google.com/apis/api/compute.googleapis.com/overview?project=171882071353 then retry. If you enabled this API recently, wait a few minutes for the action to propagate to our systems and retry.","errors":[{"message":"Compute Engine API has not been used in project 171882071353 before or it is disabled. Enable it by visiting https://console.developers.google.com/apis/api/compute.googleapis.com/overview?project=171882071353 then retry. If you enabled this API recently, wait a few minutes for the action to propagate to our systems and retry.","domain":"usageLimits","reason":"accessNotConfigured","extendedHelp":"https://console.developers.google.com"}],"status":"PERMISSION_DENIED","details":[{"@type":"type.googleapis.com/google.rpc.ErrorInfo","reason":"SERVICE_DISABLED","domain":"googleapis.com","metadata":{"consumer":"projects/171882071353","service":"compute.googleapis.com","serviceTitle":"Compute Engine API","containerInfo":"171882071353","activationUrl":"https://console.developers.google.com/apis/api/compute.googleapis.com/overview?project=171882071353"}},{"@type":"type.googleapis.com/google.rpc.LocalizedMessage","locale":"en-US","message":"Compute Engine API has not been used in project 171882071353 before or it is disabled. Enable it by visiting https://console.developers.google.com/apis/api/compute.googleapis.com/overview?project=171882071353 then retry. If you enabled this API recently, wait a few minutes for the action to propagate to our systems and retry."},{"@type":"type.googleapis.com/google.rpc.Help","links":[{"description":"Google developers console API activation","url":"https://console.developers.google.com/apis/api/compute.googleapis.com/overview?project=171882071353"}]}]}},"response":{"statusCode":403}},"exit":1,"message":"Request to https://compute.googleapis.com/compute/v1/projects/171882071353 had HTTP Error: 403, Compute Engine API has not been used in project 171882071353 before or it is disabled. Enable it by visiting https://console.developers.google.com/apis/api/compute.googleapis.com/overview?project=171882071353 then retry. If you enabled this API recently, wait a few minutes for the action to propagate to our systems and retry.","status":403}
[debug] [2026-03-13T17:51:27.211Z] Checked if tokens are valid: true, expires at: 1773427864234
[debug] [2026-03-13T17:51:27.211Z] Checked if tokens are valid: true, expires at: 1773427864234
[debug] [2026-03-13T17:51:27.211Z] >>> [apiv2][query] POST https://cloudresourcemanager.googleapis.com/v1/projects/171882071353:getIamPolicy [none]
[debug] [2026-03-13T17:51:27.354Z] <<< [apiv2][status] POST https://cloudresourcemanager.googleapis.com/v1/projects/171882071353:getIamPolicy 200
[debug] [2026-03-13T17:51:27.354Z] <<< [apiv2][body] POST https://cloudresourcemanager.googleapis.com/v1/projects/171882071353:getIamPolicy {"version":1,"etag":"BwZM6uYpEmU=","bindings":[{"role":"roles/cloudbuild.builds.builder","members":["serviceAccount:171882071353@cloudbuild.gserviceaccount.com"]},{"role":"roles/cloudbuild.serviceAgent","members":["serviceAccount:service-171882071353@gcp-sa-cloudbuild.iam.gserviceaccount.com"]},{"role":"roles/cloudfunctions.serviceAgent","members":["serviceAccount:service-171882071353@gcf-admin-robot.iam.gserviceaccount.com"]},{"role":"roles/containerregistry.ServiceAgent","members":["serviceAccount:service-171882071353@containerregistry.iam.gserviceaccount.com"]},{"role":"roles/editor","members":["serviceAccount:171882071353-compute@developer.gserviceaccount.com","serviceAccount:171882071353@cloudservices.gserviceaccount.com","serviceAccount:mybaseballpassport@appspot.gserviceaccount.com"]},{"role":"roles/eventarc.eventReceiver","members":["serviceAccount:171882071353-compute@developer.gserviceaccount.com"]},{"role":"roles/firebase.managementServiceAgent","members":["serviceAccount:service-171882071353@gcp-sa-firebase.iam.gserviceaccount.com"]},{"role":"roles/firebase.sdkAdminServiceAgent","members":["serviceAccount:firebase-adminsdk-fbsvc@mybaseballpassport.iam.gserviceaccount.com"]},{"role":"roles/firebaseauth.admin","members":["serviceAccount:firebase-adminsdk-fbsvc@mybaseballpassport.iam.gserviceaccount.com"]},{"role":"roles/firebasemods.serviceAgent","members":["serviceAccount:service-171882071353@gcp-sa-firebasemods.iam.gserviceaccount.com"]},{"role":"roles/firebaserules.system","members":["serviceAccount:service-171882071353@firebase-rules.iam.gserviceaccount.com"]},{"role":"roles/firebasestorage.serviceAgent","members":["serviceAccount:service-171882071353@gcp-sa-firebasestorage.iam.gserviceaccount.com"]},{"role":"roles/firestore.serviceAgent","members":["serviceAccount:service-171882071353@gcp-sa-firestore.iam.gserviceaccount.com"]},{"role":"roles/iam.serviceAccountTokenCreator","members":["serviceAccount:firebase-adminsdk-fbsvc@mybaseballpassport.iam.gserviceaccount.com","serviceAccount:service-171882071353@gcp-sa-pubsub.iam.gserviceaccount.com"]},{"role":"roles/owner","members":["user:troykirk@protonmail.com"]},{"role":"roles/run.invoker","members":["serviceAccount:171882071353-compute@developer.gserviceaccount.com"]},{"role":"roles/run.serviceAgent","members":["serviceAccount:service-171882071353@serverless-robot-prod.iam.gserviceaccount.com"]},{"role":"roles/storage.admin","members":["serviceAccount:firebase-adminsdk-fbsvc@mybaseballpassport.iam.gserviceaccount.com"]}]}
[debug] [2026-03-13T17:51:27.356Z] Checked if tokens are valid: true, expires at: 1773427864234
[debug] [2026-03-13T17:51:27.356Z] Checked if tokens are valid: true, expires at: 1773427864234
[debug] [2026-03-13T17:51:27.356Z] >>> [apiv2][query] GET https://cloudresourcemanager.googleapis.com/v1/projects/mybaseballpassport [none]
[debug] [2026-03-13T17:51:27.439Z] <<< [apiv2][status] GET https://cloudresourcemanager.googleapis.com/v1/projects/mybaseballpassport 200
[debug] [2026-03-13T17:51:27.439Z] <<< [apiv2][body] GET https://cloudresourcemanager.googleapis.com/v1/projects/mybaseballpassport {"projectNumber":"171882071353","projectId":"mybaseballpassport","lifecycleState":"ACTIVE","name":"MyBaseballPassport","labels":{"firebase":"enabled","firebase-core":"disabled"},"createTime":"2026-03-06T20:40:51.299175Z"}
[debug] [2026-03-13T17:51:27.439Z] Checked if tokens are valid: true, expires at: 1773427864234
[debug] [2026-03-13T17:51:27.439Z] Checked if tokens are valid: true, expires at: 1773427864234
[debug] [2026-03-13T17:51:27.440Z] >>> [apiv2][query] GET https://compute.googleapis.com/compute/v1/projects/171882071353 [none]
[debug] [2026-03-13T17:51:27.487Z] <<< [apiv2][status] GET https://compute.googleapis.com/compute/v1/projects/171882071353 403
[debug] [2026-03-13T17:51:27.487Z] <<< [apiv2][body] GET https://compute.googleapis.com/compute/v1/projects/171882071353 {"error":{"code":403,"message":"Compute Engine API has not been used in project 171882071353 before or it is disabled. Enable it by visiting https://console.developers.google.com/apis/api/compute.googleapis.com/overview?project=171882071353 then retry. If you enabled this API recently, wait a few minutes for the action to propagate to our systems and retry.","errors":[{"message":"Compute Engine API has not been used in project 171882071353 before or it is disabled. Enable it by visiting https://console.developers.google.com/apis/api/compute.googleapis.com/overview?project=171882071353 then retry. If you enabled this API recently, wait a few minutes for the action to propagate to our systems and retry.","domain":"usageLimits","reason":"accessNotConfigured","extendedHelp":"https://console.developers.google.com"}],"status":"PERMISSION_DENIED","details":[{"@type":"type.googleapis.com/google.rpc.ErrorInfo","reason":"SERVICE_DISABLED","domain":"googleapis.com","metadata":{"serviceTitle":"Compute Engine API","containerInfo":"171882071353","consumer":"projects/171882071353","activationUrl":"https://console.developers.google.com/apis/api/compute.googleapis.com/overview?project=171882071353","service":"compute.googleapis.com"}},{"@type":"type.googleapis.com/google.rpc.LocalizedMessage","locale":"en-US","message":"Compute Engine API has not been used in project 171882071353 before or it is disabled. Enable it by visiting https://console.developers.google.com/apis/api/compute.googleapis.com/overview?project=171882071353 then retry. If you enabled this API recently, wait a few minutes for the action to propagate to our systems and retry."},{"@type":"type.googleapis.com/google.rpc.Help","links":[{"description":"Google developers console API activation","url":"https://console.developers.google.com/apis/api/compute.googleapis.com/overview?project=171882071353"}]}]}}
[debug] [2026-03-13T17:51:27.488Z] unable to look up default compute service account. Falling back to 171882071353-compute@developer.gserviceaccount.com. Error: {"name":"FirebaseError","children":[],"context":{"body":{"error":{"code":403,"message":"Compute Engine API has not been used in project 171882071353 before or it is disabled. Enable it by visiting https://console.developers.google.com/apis/api/compute.googleapis.com/overview?project=171882071353 then retry. If you enabled this API recently, wait a few minutes for the action to propagate to our systems and retry.","errors":[{"message":"Compute Engine API has not been used in project 171882071353 before or it is disabled. Enable it by visiting https://console.developers.google.com/apis/api/compute.googleapis.com/overview?project=171882071353 then retry. If you enabled this API recently, wait a few minutes for the action to propagate to our systems and retry.","domain":"usageLimits","reason":"accessNotConfigured","extendedHelp":"https://console.developers.google.com"}],"status":"PERMISSION_DENIED","details":[{"@type":"type.googleapis.com/google.rpc.ErrorInfo","reason":"SERVICE_DISABLED","domain":"googleapis.com","metadata":{"serviceTitle":"Compute Engine API","containerInfo":"171882071353","consumer":"projects/171882071353","activationUrl":"https://console.developers.google.com/apis/api/compute.googleapis.com/overview?project=171882071353","service":"compute.googleapis.com"}},{"@type":"type.googleapis.com/google.rpc.LocalizedMessage","locale":"en-US","message":"Compute Engine API has not been used in project 171882071353 before or it is disabled. Enable it by visiting https://console.developers.google.com/apis/api/compute.googleapis.com/overview?project=171882071353 then retry. If you enabled this API recently, wait a few minutes for the action to propagate to our systems and retry."},{"@type":"type.googleapis.com/google.rpc.Help","links":[{"description":"Google developers console API activation","url":"https://console.developers.google.com/apis/api/compute.googleapis.com/overview?project=171882071353"}]}]}},"response":{"statusCode":403}},"exit":1,"message":"Request to https://compute.googleapis.com/compute/v1/projects/171882071353 had HTTP Error: 403, Compute Engine API has not been used in project 171882071353 before or it is disabled. Enable it by visiting https://console.developers.google.com/apis/api/compute.googleapis.com/overview?project=171882071353 then retry. If you enabled this API recently, wait a few minutes for the action to propagate to our systems and retry.","status":403}
[debug] [2026-03-13T17:51:27.488Z] Checked if tokens are valid: true, expires at: 1773427864234
[debug] [2026-03-13T17:51:27.488Z] Checked if tokens are valid: true, expires at: 1773427864234
[debug] [2026-03-13T17:51:27.488Z] >>> [apiv2][query] GET https://compute.googleapis.com/compute/v1/projects/171882071353 [none]
[debug] [2026-03-13T17:51:27.595Z] <<< [apiv2][status] GET https://compute.googleapis.com/compute/v1/projects/171882071353 403
[debug] [2026-03-13T17:51:27.595Z] <<< [apiv2][body] GET https://compute.googleapis.com/compute/v1/projects/171882071353 {"error":{"code":403,"message":"Compute Engine API has not been used in project 171882071353 before or it is disabled. Enable it by visiting https://console.developers.google.com/apis/api/compute.googleapis.com/overview?project=171882071353 then retry. If you enabled this API recently, wait a few minutes for the action to propagate to our systems and retry.","errors":[{"message":"Compute Engine API has not been used in project 171882071353 before or it is disabled. Enable it by visiting https://console.developers.google.com/apis/api/compute.googleapis.com/overview?project=171882071353 then retry. If you enabled this API recently, wait a few minutes for the action to propagate to our systems and retry.","domain":"usageLimits","reason":"accessNotConfigured","extendedHelp":"https://console.developers.google.com"}],"status":"PERMISSION_DENIED","details":[{"@type":"type.googleapis.com/google.rpc.ErrorInfo","reason":"SERVICE_DISABLED","domain":"googleapis.com","metadata":{"service":"compute.googleapis.com","serviceTitle":"Compute Engine API","activationUrl":"https://console.developers.google.com/apis/api/compute.googleapis.com/overview?project=171882071353","consumer":"projects/171882071353","containerInfo":"171882071353"}},{"@type":"type.googleapis.com/google.rpc.LocalizedMessage","locale":"en-US","message":"Compute Engine API has not been used in project 171882071353 before or it is disabled. Enable it by visiting https://console.developers.google.com/apis/api/compute.googleapis.com/overview?project=171882071353 then retry. If you enabled this API recently, wait a few minutes for the action to propagate to our systems and retry."},{"@type":"type.googleapis.com/google.rpc.Help","links":[{"description":"Google developers console API activation","url":"https://console.developers.google.com/apis/api/compute.googleapis.com/overview?project=171882071353"}]}]}}
[debug] [2026-03-13T17:51:27.595Z] unable to look up default compute service account. Falling back to 171882071353-compute@developer.gserviceaccount.com. Error: {"name":"FirebaseError","children":[],"context":{"body":{"error":{"code":403,"message":"Compute Engine API has not been used in project 171882071353 before or it is disabled. Enable it by visiting https://console.developers.google.com/apis/api/compute.googleapis.com/overview?project=171882071353 then retry. If you enabled this API recently, wait a few minutes for the action to propagate to our systems and retry.","errors":[{"message":"Compute Engine API has not been used in project 171882071353 before or it is disabled. Enable it by visiting https://console.developers.google.com/apis/api/compute.googleapis.com/overview?project=171882071353 then retry. If you enabled this API recently, wait a few minutes for the action to propagate to our systems and retry.","domain":"usageLimits","reason":"accessNotConfigured","extendedHelp":"https://console.developers.google.com"}],"status":"PERMISSION_DENIED","details":[{"@type":"type.googleapis.com/google.rpc.ErrorInfo","reason":"SERVICE_DISABLED","domain":"googleapis.com","metadata":{"service":"compute.googleapis.com","serviceTitle":"Compute Engine API","activationUrl":"https://console.developers.google.com/apis/api/compute.googleapis.com/overview?project=171882071353","consumer":"projects/171882071353","containerInfo":"171882071353"}},{"@type":"type.googleapis.com/google.rpc.LocalizedMessage","locale":"en-US","message":"Compute Engine API has not been used in project 171882071353 before or it is disabled. Enable it by visiting https://console.developers.google.com/apis/api/compute.googleapis.com/overview?project=171882071353 then retry. If you enabled this API recently, wait a few minutes for the action to propagate to our systems and retry."},{"@type":"type.googleapis.com/google.rpc.Help","links":[{"description":"Google developers console API activation","url":"https://console.developers.google.com/apis/api/compute.googleapis.com/overview?project=171882071353"}]}]}},"response":{"statusCode":403}},"exit":1,"message":"Request to https://compute.googleapis.com/compute/v1/projects/171882071353 had HTTP Error: 403, Compute Engine API has not been used in project 171882071353 before or it is disabled. Enable it by visiting https://console.developers.google.com/apis/api/compute.googleapis.com/overview?project=171882071353 then retry. If you enabled this API recently, wait a few minutes for the action to propagate to our systems and retry.","status":403}
[debug] [2026-03-13T17:51:27.595Z] Checked if tokens are valid: true, expires at: 1773427864234
[debug] [2026-03-13T17:51:27.595Z] Checked if tokens are valid: true, expires at: 1773427864234
[debug] [2026-03-13T17:51:27.595Z] >>> [apiv2][query] GET https://compute.googleapis.com/compute/v1/projects/171882071353 [none]
[debug] [2026-03-13T17:51:27.681Z] <<< [apiv2][status] GET https://compute.googleapis.com/compute/v1/projects/171882071353 403
[debug] [2026-03-13T17:51:27.681Z] <<< [apiv2][body] GET https://compute.googleapis.com/compute/v1/projects/171882071353 {"error":{"code":403,"message":"Compute Engine API has not been used in project 171882071353 before or it is disabled. Enable it by visiting https://console.developers.google.com/apis/api/compute.googleapis.com/overview?project=171882071353 then retry. If you enabled this API recently, wait a few minutes for the action to propagate to our systems and retry.","errors":[{"message":"Compute Engine API has not been used in project 171882071353 before or it is disabled. Enable it by visiting https://console.developers.google.com/apis/api/compute.googleapis.com/overview?project=171882071353 then retry. If you enabled this API recently, wait a few minutes for the action to propagate to our systems and retry.","domain":"usageLimits","reason":"accessNotConfigured","extendedHelp":"https://console.developers.google.com"}],"status":"PERMISSION_DENIED","details":[{"@type":"type.googleapis.com/google.rpc.ErrorInfo","reason":"SERVICE_DISABLED","domain":"googleapis.com","metadata":{"activationUrl":"https://console.developers.google.com/apis/api/compute.googleapis.com/overview?project=171882071353","serviceTitle":"Compute Engine API","service":"compute.googleapis.com","consumer":"projects/171882071353","containerInfo":"171882071353"}},{"@type":"type.googleapis.com/google.rpc.LocalizedMessage","locale":"en-US","message":"Compute Engine API has not been used in project 171882071353 before or it is disabled. Enable it by visiting https://console.developers.google.com/apis/api/compute.googleapis.com/overview?project=171882071353 then retry. If you enabled this API recently, wait a few minutes for the action to propagate to our systems and retry."},{"@type":"type.googleapis.com/google.rpc.Help","links":[{"description":"Google developers console API activation","url":"https://console.developers.google.com/apis/api/compute.googleapis.com/overview?project=171882071353"}]}]}}
[debug] [2026-03-13T17:51:27.681Z] unable to look up default compute service account. Falling back to 171882071353-compute@developer.gserviceaccount.com. Error: {"name":"FirebaseError","children":[],"context":{"body":{"error":{"code":403,"message":"Compute Engine API has not been used in project 171882071353 before or it is disabled. Enable it by visiting https://console.developers.google.com/apis/api/compute.googleapis.com/overview?project=171882071353 then retry. If you enabled this API recently, wait a few minutes for the action to propagate to our systems and retry.","errors":[{"message":"Compute Engine API has not been used in project 171882071353 before or it is disabled. Enable it by visiting https://console.developers.google.com/apis/api/compute.googleapis.com/overview?project=171882071353 then retry. If you enabled this API recently, wait a few minutes for the action to propagate to our systems and retry.","domain":"usageLimits","reason":"accessNotConfigured","extendedHelp":"https://console.developers.google.com"}],"status":"PERMISSION_DENIED","details":[{"@type":"type.googleapis.com/google.rpc.ErrorInfo","reason":"SERVICE_DISABLED","domain":"googleapis.com","metadata":{"activationUrl":"https://console.developers.google.com/apis/api/compute.googleapis.com/overview?project=171882071353","serviceTitle":"Compute Engine API","service":"compute.googleapis.com","consumer":"projects/171882071353","containerInfo":"171882071353"}},{"@type":"type.googleapis.com/google.rpc.LocalizedMessage","locale":"en-US","message":"Compute Engine API has not been used in project 171882071353 before or it is disabled. Enable it by visiting https://console.developers.google.com/apis/api/compute.googleapis.com/overview?project=171882071353 then retry. If you enabled this API recently, wait a few minutes for the action to propagate to our systems and retry."},{"@type":"type.googleapis.com/google.rpc.Help","links":[{"description":"Google developers console API activation","url":"https://console.developers.google.com/apis/api/compute.googleapis.com/overview?project=171882071353"}]}]}},"response":{"statusCode":403}},"exit":1,"message":"Request to https://compute.googleapis.com/compute/v1/projects/171882071353 had HTTP Error: 403, Compute Engine API has not been used in project 171882071353 before or it is disabled. Enable it by visiting https://console.developers.google.com/apis/api/compute.googleapis.com/overview?project=171882071353 then retry. If you enabled this API recently, wait a few minutes for the action to propagate to our systems and retry.","status":403}
[debug] [2026-03-13T17:51:27.681Z] Checked if tokens are valid: true, expires at: 1773427864234
[debug] [2026-03-13T17:51:27.681Z] Checked if tokens are valid: true, expires at: 1773427864234
[debug] [2026-03-13T17:51:27.681Z] >>> [apiv2][query] GET https://compute.googleapis.com/compute/v1/projects/171882071353 [none]
[debug] [2026-03-13T17:51:27.796Z] <<< [apiv2][status] GET https://compute.googleapis.com/compute/v1/projects/171882071353 403
[debug] [2026-03-13T17:51:27.796Z] <<< [apiv2][body] GET https://compute.googleapis.com/compute/v1/projects/171882071353 {"error":{"code":403,"message":"Compute Engine API has not been used in project 171882071353 before or it is disabled. Enable it by visiting https://console.developers.google.com/apis/api/compute.googleapis.com/overview?project=171882071353 then retry. If you enabled this API recently, wait a few minutes for the action to propagate to our systems and retry.","errors":[{"message":"Compute Engine API has not been used in project 171882071353 before or it is disabled. Enable it by visiting https://console.developers.google.com/apis/api/compute.googleapis.com/overview?project=171882071353 then retry. If you enabled this API recently, wait a few minutes for the action to propagate to our systems and retry.","domain":"usageLimits","reason":"accessNotConfigured","extendedHelp":"https://console.developers.google.com"}],"status":"PERMISSION_DENIED","details":[{"@type":"type.googleapis.com/google.rpc.ErrorInfo","reason":"SERVICE_DISABLED","domain":"googleapis.com","metadata":{"containerInfo":"171882071353","consumer":"projects/171882071353","service":"compute.googleapis.com","activationUrl":"https://console.developers.google.com/apis/api/compute.googleapis.com/overview?project=171882071353","serviceTitle":"Compute Engine API"}},{"@type":"type.googleapis.com/google.rpc.LocalizedMessage","locale":"en-US","message":"Compute Engine API has not been used in project 171882071353 before or it is disabled. Enable it by visiting https://console.developers.google.com/apis/api/compute.googleapis.com/overview?project=171882071353 then retry. If you enabled this API recently, wait a few minutes for the action to propagate to our systems and retry."},{"@type":"type.googleapis.com/google.rpc.Help","links":[{"description":"Google developers console API activation","url":"https://console.developers.google.com/apis/api/compute.googleapis.com/overview?project=171882071353"}]}]}}
[debug] [2026-03-13T17:51:27.796Z] unable to look up default compute service account. Falling back to 171882071353-compute@developer.gserviceaccount.com. Error: {"name":"FirebaseError","children":[],"context":{"body":{"error":{"code":403,"message":"Compute Engine API has not been used in project 171882071353 before or it is disabled. Enable it by visiting https://console.developers.google.com/apis/api/compute.googleapis.com/overview?project=171882071353 then retry. If you enabled this API recently, wait a few minutes for the action to propagate to our systems and retry.","errors":[{"message":"Compute Engine API has not been used in project 171882071353 before or it is disabled. Enable it by visiting https://console.developers.google.com/apis/api/compute.googleapis.com/overview?project=171882071353 then retry. If you enabled this API recently, wait a few minutes for the action to propagate to our systems and retry.","domain":"usageLimits","reason":"accessNotConfigured","extendedHelp":"https://console.developers.google.com"}],"status":"PERMISSION_DENIED","details":[{"@type":"type.googleapis.com/google.rpc.ErrorInfo","reason":"SERVICE_DISABLED","domain":"googleapis.com","metadata":{"containerInfo":"171882071353","consumer":"projects/171882071353","service":"compute.googleapis.com","activationUrl":"https://console.developers.google.com/apis/api/compute.googleapis.com/overview?project=171882071353","serviceTitle":"Compute Engine API"}},{"@type":"type.googleapis.com/google.rpc.LocalizedMessage","locale":"en-US","message":"Compute Engine API has not been used in project 171882071353 before or it is disabled. Enable it by visiting https://console.developers.google.com/apis/api/compute.googleapis.com/overview?project=171882071353 then retry. If you enabled this API recently, wait a few minutes for the action to propagate to our systems and retry."},{"@type":"type.googleapis.com/google.rpc.Help","links":[{"description":"Google developers console API activation","url":"https://console.developers.google.com/apis/api/compute.googleapis.com/overview?project=171882071353"}]}]}},"response":{"statusCode":403}},"exit":1,"message":"Request to https://compute.googleapis.com/compute/v1/projects/171882071353 had HTTP Error: 403, Compute Engine API has not been used in project 171882071353 before or it is disabled. Enable it by visiting https://console.developers.google.com/apis/api/compute.googleapis.com/overview?project=171882071353 then retry. If you enabled this API recently, wait a few minutes for the action to propagate to our systems and retry.","status":403}
[debug] [2026-03-13T17:51:27.797Z] Checked if tokens are valid: true, expires at: 1773427864234
[debug] [2026-03-13T17:51:27.797Z] Checked if tokens are valid: true, expires at: 1773427864234
[debug] [2026-03-13T17:51:27.797Z] >>> [apiv2][query] GET https://compute.googleapis.com/compute/v1/projects/171882071353 [none]
[debug] [2026-03-13T17:51:27.899Z] <<< [apiv2][status] GET https://compute.googleapis.com/compute/v1/projects/171882071353 403
[debug] [2026-03-13T17:51:27.900Z] <<< [apiv2][body] GET https://compute.googleapis.com/compute/v1/projects/171882071353 {"error":{"code":403,"message":"Compute Engine API has not been used in project 171882071353 before or it is disabled. Enable it by visiting https://console.developers.google.com/apis/api/compute.googleapis.com/overview?project=171882071353 then retry. If you enabled this API recently, wait a few minutes for the action to propagate to our systems and retry.","errors":[{"message":"Compute Engine API has not been used in project 171882071353 before or it is disabled. Enable it by visiting https://console.developers.google.com/apis/api/compute.googleapis.com/overview?project=171882071353 then retry. If you enabled this API recently, wait a few minutes for the action to propagate to our systems and retry.","domain":"usageLimits","reason":"accessNotConfigured","extendedHelp":"https://console.developers.google.com"}],"status":"PERMISSION_DENIED","details":[{"@type":"type.googleapis.com/google.rpc.ErrorInfo","reason":"SERVICE_DISABLED","domain":"googleapis.com","metadata":{"containerInfo":"171882071353","service":"compute.googleapis.com","serviceTitle":"Compute Engine API","activationUrl":"https://console.developers.google.com/apis/api/compute.googleapis.com/overview?project=171882071353","consumer":"projects/171882071353"}},{"@type":"type.googleapis.com/google.rpc.LocalizedMessage","locale":"en-US","message":"Compute Engine API has not been used in project 171882071353 before or it is disabled. Enable it by visiting https://console.developers.google.com/apis/api/compute.googleapis.com/overview?project=171882071353 then retry. If you enabled this API recently, wait a few minutes for the action to propagate to our systems and retry."},{"@type":"type.googleapis.com/google.rpc.Help","links":[{"description":"Google developers console API activation","url":"https://console.developers.google.com/apis/api/compute.googleapis.com/overview?project=171882071353"}]}]}}
[debug] [2026-03-13T17:51:27.900Z] unable to look up default compute service account. Falling back to 171882071353-compute@developer.gserviceaccount.com. Error: {"name":"FirebaseError","children":[],"context":{"body":{"error":{"code":403,"message":"Compute Engine API has not been used in project 171882071353 before or it is disabled. Enable it by visiting https://console.developers.google.com/apis/api/compute.googleapis.com/overview?project=171882071353 then retry. If you enabled this API recently, wait a few minutes for the action to propagate to our systems and retry.","errors":[{"message":"Compute Engine API has not been used in project 171882071353 before or it is disabled. Enable it by visiting https://console.developers.google.com/apis/api/compute.googleapis.com/overview?project=171882071353 then retry. If you enabled this API recently, wait a few minutes for the action to propagate to our systems and retry.","domain":"usageLimits","reason":"accessNotConfigured","extendedHelp":"https://console.developers.google.com"}],"status":"PERMISSION_DENIED","details":[{"@type":"type.googleapis.com/google.rpc.ErrorInfo","reason":"SERVICE_DISABLED","domain":"googleapis.com","metadata":{"containerInfo":"171882071353","service":"compute.googleapis.com","serviceTitle":"Compute Engine API","activationUrl":"https://console.developers.google.com/apis/api/compute.googleapis.com/overview?project=171882071353","consumer":"projects/171882071353"}},{"@type":"type.googleapis.com/google.rpc.LocalizedMessage","locale":"en-US","message":"Compute Engine API has not been used in project 171882071353 before or it is disabled. Enable it by visiting https://console.developers.google.com/apis/api/compute.googleapis.com/overview?project=171882071353 then retry. If you enabled this API recently, wait a few minutes for the action to propagate to our systems and retry."},{"@type":"type.googleapis.com/google.rpc.Help","links":[{"description":"Google developers console API activation","url":"https://console.developers.google.com/apis/api/compute.googleapis.com/overview?project=171882071353"}]}]}},"response":{"statusCode":403}},"exit":1,"message":"Request to https://compute.googleapis.com/compute/v1/projects/171882071353 had HTTP Error: 403, Compute Engine API has not been used in project 171882071353 before or it is disabled. Enable it by visiting https://console.developers.google.com/apis/api/compute.googleapis.com/overview?project=171882071353 then retry. If you enabled this API recently, wait a few minutes for the action to propagate to our systems and retry.","status":403}
[debug] [2026-03-13T17:51:27.900Z] Checked if tokens are valid: true, expires at: 1773427864234
[debug] [2026-03-13T17:51:27.900Z] Checked if tokens are valid: true, expires at: 1773427864234
[debug] [2026-03-13T17:51:27.900Z] >>> [apiv2][query] GET https://compute.googleapis.com/compute/v1/projects/171882071353 [none]
[debug] [2026-03-13T17:51:27.950Z] <<< [apiv2][status] GET https://compute.googleapis.com/compute/v1/projects/171882071353 403
[debug] [2026-03-13T17:51:27.951Z] <<< [apiv2][body] GET https://compute.googleapis.com/compute/v1/projects/171882071353 {"error":{"code":403,"message":"Compute Engine API has not been used in project 171882071353 before or it is disabled. Enable it by visiting https://console.developers.google.com/apis/api/compute.googleapis.com/overview?project=171882071353 then retry. If you enabled this API recently, wait a few minutes for the action to propagate to our systems and retry.","errors":[{"message":"Compute Engine API has not been used in project 171882071353 before or it is disabled. Enable it by visiting https://console.developers.google.com/apis/api/compute.googleapis.com/overview?project=171882071353 then retry. If you enabled this API recently, wait a few minutes for the action to propagate to our systems and retry.","domain":"usageLimits","reason":"accessNotConfigured","extendedHelp":"https://console.developers.google.com"}],"status":"PERMISSION_DENIED","details":[{"@type":"type.googleapis.com/google.rpc.ErrorInfo","reason":"SERVICE_DISABLED","domain":"googleapis.com","metadata":{"service":"compute.googleapis.com","consumer":"projects/171882071353","activationUrl":"https://console.developers.google.com/apis/api/compute.googleapis.com/overview?project=171882071353","containerInfo":"171882071353","serviceTitle":"Compute Engine API"}},{"@type":"type.googleapis.com/google.rpc.LocalizedMessage","locale":"en-US","message":"Compute Engine API has not been used in project 171882071353 before or it is disabled. Enable it by visiting https://console.developers.google.com/apis/api/compute.googleapis.com/overview?project=171882071353 then retry. If you enabled this API recently, wait a few minutes for the action to propagate to our systems and retry."},{"@type":"type.googleapis.com/google.rpc.Help","links":[{"description":"Google developers console API activation","url":"https://console.developers.google.com/apis/api/compute.googleapis.com/overview?project=171882071353"}]}]}}
[debug] [2026-03-13T17:51:27.951Z] unable to look up default compute service account. Falling back to 171882071353-compute@developer.gserviceaccount.com. Error: {"name":"FirebaseError","children":[],"context":{"body":{"error":{"code":403,"message":"Compute Engine API has not been used in project 171882071353 before or it is disabled. Enable it by visiting https://console.developers.google.com/apis/api/compute.googleapis.com/overview?project=171882071353 then retry. If you enabled this API recently, wait a few minutes for the action to propagate to our systems and retry.","errors":[{"message":"Compute Engine API has not been used in project 171882071353 before or it is disabled. Enable it by visiting https://console.developers.google.com/apis/api/compute.googleapis.com/overview?project=171882071353 then retry. If you enabled this API recently, wait a few minutes for the action to propagate to our systems and retry.","domain":"usageLimits","reason":"accessNotConfigured","extendedHelp":"https://console.developers.google.com"}],"status":"PERMISSION_DENIED","details":[{"@type":"type.googleapis.com/google.rpc.ErrorInfo","reason":"SERVICE_DISABLED","domain":"googleapis.com","metadata":{"service":"compute.googleapis.com","consumer":"projects/171882071353","activationUrl":"https://console.developers.google.com/apis/api/compute.googleapis.com/overview?project=171882071353","containerInfo":"171882071353","serviceTitle":"Compute Engine API"}},{"@type":"type.googleapis.com/google.rpc.LocalizedMessage","locale":"en-US","message":"Compute Engine API has not been used in project 171882071353 before or it is disabled. Enable it by visiting https://console.developers.google.com/apis/api/compute.googleapis.com/overview?project=171882071353 then retry. If you enabled this API recently, wait a few minutes for the action to propagate to our systems and retry."},{"@type":"type.googleapis.com/google.rpc.Help","links":[{"description":"Google developers console API activation","url":"https://console.developers.google.com/apis/api/compute.googleapis.com/overview?project=171882071353"}]}]}},"response":{"statusCode":403}},"exit":1,"message":"Request to https://compute.googleapis.com/compute/v1/projects/171882071353 had HTTP Error: 403, Compute Engine API has not been used in project 171882071353 before or it is disabled. Enable it by visiting https://console.developers.google.com/apis/api/compute.googleapis.com/overview?project=171882071353 then retry. If you enabled this API recently, wait a few minutes for the action to propagate to our systems and retry.","status":403}
[debug] [2026-03-13T17:51:27.951Z] Checked if tokens are valid: true, expires at: 1773427864234
[debug] [2026-03-13T17:51:27.951Z] Checked if tokens are valid: true, expires at: 1773427864234
[debug] [2026-03-13T17:51:27.951Z] >>> [apiv2][query] GET https://compute.googleapis.com/compute/v1/projects/171882071353 [none]
[debug] [2026-03-13T17:51:28.053Z] <<< [apiv2][status] GET https://compute.googleapis.com/compute/v1/projects/171882071353 403
[debug] [2026-03-13T17:51:28.053Z] <<< [apiv2][body] GET https://compute.googleapis.com/compute/v1/projects/171882071353 {"error":{"code":403,"message":"Compute Engine API has not been used in project 171882071353 before or it is disabled. Enable it by visiting https://console.developers.google.com/apis/api/compute.googleapis.com/overview?project=171882071353 then retry. If you enabled this API recently, wait a few minutes for the action to propagate to our systems and retry.","errors":[{"message":"Compute Engine API has not been used in project 171882071353 before or it is disabled. Enable it by visiting https://console.developers.google.com/apis/api/compute.googleapis.com/overview?project=171882071353 then retry. If you enabled this API recently, wait a few minutes for the action to propagate to our systems and retry.","domain":"usageLimits","reason":"accessNotConfigured","extendedHelp":"https://console.developers.google.com"}],"status":"PERMISSION_DENIED","details":[{"@type":"type.googleapis.com/google.rpc.ErrorInfo","reason":"SERVICE_DISABLED","domain":"googleapis.com","metadata":{"activationUrl":"https://console.developers.google.com/apis/api/compute.googleapis.com/overview?project=171882071353","service":"compute.googleapis.com","containerInfo":"171882071353","consumer":"projects/171882071353","serviceTitle":"Compute Engine API"}},{"@type":"type.googleapis.com/google.rpc.LocalizedMessage","locale":"en-US","message":"Compute Engine API has not been used in project 171882071353 before or it is disabled. Enable it by visiting https://console.developers.google.com/apis/api/compute.googleapis.com/overview?project=171882071353 then retry. If you enabled this API recently, wait a few minutes for the action to propagate to our systems and retry."},{"@type":"type.googleapis.com/google.rpc.Help","links":[{"description":"Google developers console API activation","url":"https://console.developers.google.com/apis/api/compute.googleapis.com/overview?project=171882071353"}]}]}}
[debug] [2026-03-13T17:51:28.053Z] unable to look up default compute service account. Falling back to 171882071353-compute@developer.gserviceaccount.com. Error: {"name":"FirebaseError","children":[],"context":{"body":{"error":{"code":403,"message":"Compute Engine API has not been used in project 171882071353 before or it is disabled. Enable it by visiting https://console.developers.google.com/apis/api/compute.googleapis.com/overview?project=171882071353 then retry. If you enabled this API recently, wait a few minutes for the action to propagate to our systems and retry.","errors":[{"message":"Compute Engine API has not been used in project 171882071353 before or it is disabled. Enable it by visiting https://console.developers.google.com/apis/api/compute.googleapis.com/overview?project=171882071353 then retry. If you enabled this API recently, wait a few minutes for the action to propagate to our systems and retry.","domain":"usageLimits","reason":"accessNotConfigured","extendedHelp":"https://console.developers.google.com"}],"status":"PERMISSION_DENIED","details":[{"@type":"type.googleapis.com/google.rpc.ErrorInfo","reason":"SERVICE_DISABLED","domain":"googleapis.com","metadata":{"activationUrl":"https://console.developers.google.com/apis/api/compute.googleapis.com/overview?project=171882071353","service":"compute.googleapis.com","containerInfo":"171882071353","consumer":"projects/171882071353","serviceTitle":"Compute Engine API"}},{"@type":"type.googleapis.com/google.rpc.LocalizedMessage","locale":"en-US","message":"Compute Engine API has not been used in project 171882071353 before or it is disabled. Enable it by visiting https://console.developers.google.com/apis/api/compute.googleapis.com/overview?project=171882071353 then retry. If you enabled this API recently, wait a few minutes for the action to propagate to our systems and retry."},{"@type":"type.googleapis.com/google.rpc.Help","links":[{"description":"Google developers console API activation","url":"https://console.developers.google.com/apis/api/compute.googleapis.com/overview?project=171882071353"}]}]}},"response":{"statusCode":403}},"exit":1,"message":"Request to https://compute.googleapis.com/compute/v1/projects/171882071353 had HTTP Error: 403, Compute Engine API has not been used in project 171882071353 before or it is disabled. Enable it by visiting https://console.developers.google.com/apis/api/compute.googleapis.com/overview?project=171882071353 then retry. If you enabled this API recently, wait a few minutes for the action to propagate to our systems and retry.","status":403}
[debug] [2026-03-13T17:51:28.055Z] Checked if tokens are valid: true, expires at: 1773427864234
[debug] [2026-03-13T17:51:28.055Z] Checked if tokens are valid: true, expires at: 1773427864234
[debug] [2026-03-13T17:51:28.055Z] >>> [apiv2][query] GET https://cloudbilling.googleapis.com/v1/projects/mybaseballpassport/billingInfo [none]
[debug] [2026-03-13T17:51:28.241Z] <<< [apiv2][status] GET https://cloudbilling.googleapis.com/v1/projects/mybaseballpassport/billingInfo 200
[debug] [2026-03-13T17:51:28.242Z] <<< [apiv2][body] GET https://cloudbilling.googleapis.com/v1/projects/mybaseballpassport/billingInfo {"name":"projects/mybaseballpassport/billingInfo","projectId":"mybaseballpassport","billingAccountName":"billingAccounts/0168E9-037997-3370F5","billingEnabled":true}
[debug] [2026-03-13T17:51:28.244Z] Checked if tokens are valid: true, expires at: 1773427864234
[debug] [2026-03-13T17:51:28.245Z] Checked if tokens are valid: true, expires at: 1773427864234
[debug] [2026-03-13T17:51:28.245Z] >>> [apiv2][query] POST https://cloudfunctions.googleapis.com/v2/projects/mybaseballpassport/locations/us-central1/functions:generateUploadUrl [none]
[debug] [2026-03-13T17:51:29.524Z] <<< [apiv2][status] POST https://cloudfunctions.googleapis.com/v2/projects/mybaseballpassport/locations/us-central1/functions:generateUploadUrl 200
[debug] [2026-03-13T17:51:29.524Z] <<< [apiv2][body] POST https://cloudfunctions.googleapis.com/v2/projects/mybaseballpassport/locations/us-central1/functions:generateUploadUrl {"uploadUrl":"https://storage.googleapis.com/gcf-v2-uploads-171882071353.us-central1.cloudfunctions.appspot.com/0eaf7db1-198a-4fed-a526-b85dc2381178.zip?GoogleAccessId=service-171882071353@gcf-admin-robot.iam.gserviceaccount.com&Expires=1773426089&Signature=NOhC4XkrG0ks%2BesIHFcvCniAVEGRr1A2%2FTcMy%2BqsKCQUeunVbWggs5k2YqqQHCxGzICOq2581GnBZi%2F7XpDXJBDvNQHnfhwXsF1bt76HS%2BulMS%2Bag57w1W7VLeN1yj7YhSdgbplDuHafTQW8ODcUU0uH8%2F0pUl73wQZaJw8xhJ%2F%2BgMQlNGbcJtDZMalWIzmhiHKrYXIsl9vR3aMYWMuadazcNRMcoDz45gwhGJ93dE%2FGBnUomeKKK%2BY3duKsAcJK4TihujR70T%2B5QgGnMPc9rV2Kr3a1M3S0UfLtpbV7iT9k23M1jW32UYtyqNyCIpZ6RjmQZpqQfyzskGTUYdzeaw%3D%3D","storageSource":{"bucket":"gcf-v2-uploads-171882071353.us-central1.cloudfunctions.appspot.com","object":"0eaf7db1-198a-4fed-a526-b85dc2381178.zip"}}
[debug] [2026-03-13T17:51:29.525Z] >>> [apiv2][query] PUT https://storage.googleapis.com/gcf-v2-uploads-171882071353.us-central1.cloudfunctions.appspot.com/0eaf7db1-198a-4fed-a526-b85dc2381178.zip GoogleAccessId=service-171882071353%40gcf-admin-robot.iam.gserviceaccount.com&Expires=1773426089&Signature=NOhC4XkrG0ks%2BesIHFcvCniAVEGRr1A2%2FTcMy%2BqsKCQUeunVbWggs5k2YqqQHCxGzICOq2581GnBZi%2F7XpDXJBDvNQHnfhwXsF1bt76HS%2BulMS%2Bag57w1W7VLeN1yj7YhSdgbplDuHafTQW8ODcUU0uH8%2F0pUl73wQZaJw8xhJ%2F%2BgMQlNGbcJtDZMalWIzmhiHKrYXIsl9vR3aMYWMuadazcNRMcoDz45gwhGJ93dE%2FGBnUomeKKK%2BY3duKsAcJK4TihujR70T%2B5QgGnMPc9rV2Kr3a1M3S0UfLtpbV7iT9k23M1jW32UYtyqNyCIpZ6RjmQZpqQfyzskGTUYdzeaw%3D%3D
[debug] [2026-03-13T17:51:29.525Z] >>> [apiv2][body] PUT https://storage.googleapis.com/gcf-v2-uploads-171882071353.us-central1.cloudfunctions.appspot.com/0eaf7db1-198a-4fed-a526-b85dc2381178.zip [stream]
[debug] [2026-03-13T17:51:29.803Z] <<< [apiv2][status] PUT https://storage.googleapis.com/gcf-v2-uploads-171882071353.us-central1.cloudfunctions.appspot.com/0eaf7db1-198a-4fed-a526-b85dc2381178.zip 200
[debug] [2026-03-13T17:51:29.803Z] <<< [apiv2][body] PUT https://storage.googleapis.com/gcf-v2-uploads-171882071353.us-central1.cloudfunctions.appspot.com/0eaf7db1-198a-4fed-a526-b85dc2381178.zip [omitted]
[info] +  functions: functions source uploaded successfully 
[info] i  functions: creating Node.js 24 (2nd Gen) function deleteUserAccount(us-central1)... 
[info] i  functions: creating Node.js 24 (2nd Gen) function sendPushNotification(us-central1)... 
[info] i  functions: creating Node.js 24 (2nd Gen) function onFriendRequest(us-central1)... 
[info] i  functions: creating Node.js 24 (2nd Gen) function onCheerAdded(us-central1)... 
[info] i  functions: creating Node.js 24 (2nd Gen) function onChirpAdded(us-central1)... 
[info] i  functions: creating Node.js 24 (2nd Gen) function deleteCheckin(us-central1)... 
[info] i  functions: creating Node.js 24 (2nd Gen) function onFriendCheckin(us-central1)... 
[debug] [2026-03-13T17:51:29.811Z] Checked if tokens are valid: true, expires at: 1773427864234
[debug] [2026-03-13T17:51:29.811Z] Checked if tokens are valid: true, expires at: 1773427864234
[debug] [2026-03-13T17:51:29.811Z] >>> [apiv2][query] POST https://cloudfunctions.googleapis.com/v2/projects/mybaseballpassport/locations/us-central1/functions functionId=deleteUserAccount
[debug] [2026-03-13T17:51:29.811Z] >>> [apiv2][body] POST https://cloudfunctions.googleapis.com/v2/projects/mybaseballpassport/locations/us-central1/functions {"name":"projects/mybaseballpassport/locations/us-central1/functions/deleteUserAccount","buildConfig":{"runtime":"nodejs24","entryPoint":"deleteUserAccount","source":{"storageSource":{"bucket":"gcf-v2-uploads-171882071353.us-central1.cloudfunctions.appspot.com","object":"0eaf7db1-198a-4fed-a526-b85dc2381178.zip"}},"environmentVariables":{"GOOGLE_NODE_RUN_SCRIPTS":""}},"serviceConfig":{"environmentVariables":{"FIREBASE_CONFIG":"{\"projectId\":\"mybaseballpassport\",\"storageBucket\":\"mybaseballpassport.firebasestorage.app\"}","GCLOUD_PROJECT":"mybaseballpassport","EVENTARC_CLOUD_EVENT_SOURCE":"projects/mybaseballpassport/locations/us-central1/services/deleteUserAccount","FUNCTION_TARGET":"deleteUserAccount","LOG_EXECUTION_ID":"true"},"ingressSettings":null,"timeoutSeconds":null,"serviceAccountEmail":null,"availableMemory":"256Mi","minInstanceCount":null,"maxInstanceCount":null,"maxInstanceRequestConcurrency":80,"availableCpu":"1","vpcConnector":null,"vpcConnectorEgressSettings":null},"labels":{"deployment-tool":"cli-firebase","deployment-callable":"true","firebase-functions-hash":"3988e49557b98ae60d9676881050bf6f447c5821"}}
[debug] [2026-03-13T17:51:31.513Z] <<< [apiv2][status] POST https://cloudfunctions.googleapis.com/v2/projects/mybaseballpassport/locations/us-central1/functions 200
[debug] [2026-03-13T17:51:31.513Z] <<< [apiv2][body] POST https://cloudfunctions.googleapis.com/v2/projects/mybaseballpassport/locations/us-central1/functions {"name":"projects/mybaseballpassport/locations/us-central1/operations/operation-1773424290394-64ceb84dd70c3-2ad156dd-641124b6","metadata":{"@type":"type.googleapis.com/google.cloud.functions.v2.OperationMetadata","createTime":"2026-03-13T17:51:31.864965615Z","target":"projects/mybaseballpassport/locations/us-central1/functions/deleteUserAccount","verb":"create","cancelRequested":false,"apiVersion":"v2"},"done":false}
[debug] [2026-03-13T17:51:31.514Z] Checked if tokens are valid: true, expires at: 1773427864234
[debug] [2026-03-13T17:51:31.514Z] Checked if tokens are valid: true, expires at: 1773427864234
[debug] [2026-03-13T17:51:31.515Z] >>> [apiv2][query] GET https://cloudfunctions.googleapis.com/v2/projects/mybaseballpassport/locations/us-central1/operations/operation-1773424290394-64ceb84dd70c3-2ad156dd-641124b6 [none]
[debug] [2026-03-13T17:51:31.717Z] <<< [apiv2][status] GET https://cloudfunctions.googleapis.com/v2/projects/mybaseballpassport/locations/us-central1/operations/operation-1773424290394-64ceb84dd70c3-2ad156dd-641124b6 200
[debug] [2026-03-13T17:51:31.718Z] <<< [apiv2][body] GET https://cloudfunctions.googleapis.com/v2/projects/mybaseballpassport/locations/us-central1/operations/operation-1773424290394-64ceb84dd70c3-2ad156dd-641124b6 {"name":"projects/mybaseballpassport/locations/us-central1/operations/operation-1773424290394-64ceb84dd70c3-2ad156dd-641124b6","metadata":{"@type":"type.googleapis.com/google.cloud.functions.v2.OperationMetadata","createTime":"2026-03-13T17:51:31.864965615Z","target":"projects/mybaseballpassport/locations/us-central1/functions/deleteUserAccount","verb":"create","cancelRequested":false,"apiVersion":"v2"},"done":false}
[debug] [2026-03-13T17:51:32.223Z] [create-default-us-central1-deleteUserAccount] Retrying task index 0
[debug] [2026-03-13T17:51:32.223Z] Checked if tokens are valid: true, expires at: 1773427864234
[debug] [2026-03-13T17:51:32.223Z] Checked if tokens are valid: true, expires at: 1773427864234
[debug] [2026-03-13T17:51:32.223Z] >>> [apiv2][query] GET https://cloudfunctions.googleapis.com/v2/projects/mybaseballpassport/locations/us-central1/operations/operation-1773424290394-64ceb84dd70c3-2ad156dd-641124b6 [none]
[debug] [2026-03-13T17:51:32.346Z] <<< [apiv2][status] GET https://cloudfunctions.googleapis.com/v2/projects/mybaseballpassport/locations/us-central1/operations/operation-1773424290394-64ceb84dd70c3-2ad156dd-641124b6 200
[debug] [2026-03-13T17:51:32.346Z] <<< [apiv2][body] GET https://cloudfunctions.googleapis.com/v2/projects/mybaseballpassport/locations/us-central1/operations/operation-1773424290394-64ceb84dd70c3-2ad156dd-641124b6 {"name":"projects/mybaseballpassport/locations/us-central1/operations/operation-1773424290394-64ceb84dd70c3-2ad156dd-641124b6","metadata":{"@type":"type.googleapis.com/google.cloud.functions.v2.OperationMetadata","createTime":"2026-03-13T17:51:31.864965615Z","target":"projects/mybaseballpassport/locations/us-central1/functions/deleteUserAccount","verb":"create","cancelRequested":false,"apiVersion":"v2","requestResource":{"@type":"type.googleapis.com/google.cloud.functions.v2.Function","name":"projects/mybaseballpassport/locations/us-central1/functions/deleteUserAccount","buildConfig":{"runtime":"nodejs24","entryPoint":"deleteUserAccount","source":{"storageSource":{"bucket":"gcf-v2-sources-171882071353-us-central1","object":"deleteUserAccount/function-source.zip","generation":"1773424291480027"}},"environmentVariables":{"GOOGLE_NODE_RUN_SCRIPTS":""},"serviceAccount":"projects/mybaseballpassport/serviceAccounts/171882071353-compute@developer.gserviceaccount.com","automaticUpdatePolicy":{}},"serviceConfig":{"service":"projects/mybaseballpassport/locations/us-central1/services/deleteuseraccount","timeoutSeconds":60,"environmentVariables":{"FIREBASE_CONFIG":"{\"projectId\":\"mybaseballpassport\",\"storageBucket\":\"mybaseballpassport.firebasestorage.app\"}","GCLOUD_PROJECT":"mybaseballpassport","EVENTARC_CLOUD_EVENT_SOURCE":"projects/mybaseballpassport/locations/us-central1/services/deleteUserAccount","FUNCTION_TARGET":"deleteUserAccount","LOG_EXECUTION_ID":"true"},"ingressSettings":"ALLOW_ALL","serviceAccountEmail":"171882071353-compute@developer.gserviceaccount.com","availableMemory":"256Mi","maxInstanceRequestConcurrency":80,"availableCpu":"1"},"labels":{"deployment-tool":"cli-firebase","deployment-callable":"true","firebase-functions-hash":"3988e49557b98ae60d9676881050bf6f447c5821"},"environment":"GEN_2"},"stages":[{"name":"BUILD","state":"NOT_STARTED"},{"name":"SERVICE","state":"NOT_STARTED"}],"operationType":"CREATE_FUNCTION"},"done":false}
[debug] [2026-03-13T17:51:33.355Z] [create-default-us-central1-deleteUserAccount] Retrying task index 0
[debug] [2026-03-13T17:51:33.355Z] Checked if tokens are valid: true, expires at: 1773427864234
[debug] [2026-03-13T17:51:33.355Z] Checked if tokens are valid: true, expires at: 1773427864234
[debug] [2026-03-13T17:51:33.355Z] >>> [apiv2][query] GET https://cloudfunctions.googleapis.com/v2/projects/mybaseballpassport/locations/us-central1/operations/operation-1773424290394-64ceb84dd70c3-2ad156dd-641124b6 [none]
[debug] [2026-03-13T17:51:33.422Z] <<< [apiv2][status] GET https://cloudfunctions.googleapis.com/v2/projects/mybaseballpassport/locations/us-central1/operations/operation-1773424290394-64ceb84dd70c3-2ad156dd-641124b6 200
[debug] [2026-03-13T17:51:33.422Z] <<< [apiv2][body] GET https://cloudfunctions.googleapis.com/v2/projects/mybaseballpassport/locations/us-central1/operations/operation-1773424290394-64ceb84dd70c3-2ad156dd-641124b6 {"name":"projects/mybaseballpassport/locations/us-central1/operations/operation-1773424290394-64ceb84dd70c3-2ad156dd-641124b6","metadata":{"@type":"type.googleapis.com/google.cloud.functions.v2.OperationMetadata","createTime":"2026-03-13T17:51:31.864965615Z","target":"projects/mybaseballpassport/locations/us-central1/functions/deleteUserAccount","verb":"create","cancelRequested":false,"apiVersion":"v2","requestResource":{"@type":"type.googleapis.com/google.cloud.functions.v2.Function","name":"projects/mybaseballpassport/locations/us-central1/functions/deleteUserAccount","buildConfig":{"runtime":"nodejs24","entryPoint":"deleteUserAccount","source":{"storageSource":{"bucket":"gcf-v2-sources-171882071353-us-central1","object":"deleteUserAccount/function-source.zip","generation":"1773424291480027"}},"environmentVariables":{"GOOGLE_NODE_RUN_SCRIPTS":""},"serviceAccount":"projects/mybaseballpassport/serviceAccounts/171882071353-compute@developer.gserviceaccount.com","automaticUpdatePolicy":{}},"serviceConfig":{"service":"projects/mybaseballpassport/locations/us-central1/services/deleteuseraccount","timeoutSeconds":60,"environmentVariables":{"FIREBASE_CONFIG":"{\"projectId\":\"mybaseballpassport\",\"storageBucket\":\"mybaseballpassport.firebasestorage.app\"}","GCLOUD_PROJECT":"mybaseballpassport","EVENTARC_CLOUD_EVENT_SOURCE":"projects/mybaseballpassport/locations/us-central1/services/deleteUserAccount","FUNCTION_TARGET":"deleteUserAccount","LOG_EXECUTION_ID":"true"},"ingressSettings":"ALLOW_ALL","serviceAccountEmail":"171882071353-compute@developer.gserviceaccount.com","availableMemory":"256Mi","maxInstanceRequestConcurrency":80,"availableCpu":"1"},"labels":{"deployment-tool":"cli-firebase","deployment-callable":"true","firebase-functions-hash":"3988e49557b98ae60d9676881050bf6f447c5821"},"environment":"GEN_2"},"stages":[{"name":"BUILD","state":"NOT_STARTED"},{"name":"SERVICE","state":"NOT_STARTED"}],"operationType":"CREATE_FUNCTION"},"done":false}
[debug] [2026-03-13T17:51:35.437Z] [create-default-us-central1-deleteUserAccount] Retrying task index 0
[debug] [2026-03-13T17:51:35.437Z] Checked if tokens are valid: true, expires at: 1773427864234
[debug] [2026-03-13T17:51:35.438Z] Checked if tokens are valid: true, expires at: 1773427864234
[debug] [2026-03-13T17:51:35.438Z] >>> [apiv2][query] GET https://cloudfunctions.googleapis.com/v2/projects/mybaseballpassport/locations/us-central1/operations/operation-1773424290394-64ceb84dd70c3-2ad156dd-641124b6 [none]
[debug] [2026-03-13T17:51:35.631Z] <<< [apiv2][status] GET https://cloudfunctions.googleapis.com/v2/projects/mybaseballpassport/locations/us-central1/operations/operation-1773424290394-64ceb84dd70c3-2ad156dd-641124b6 200
[debug] [2026-03-13T17:51:35.631Z] <<< [apiv2][body] GET https://cloudfunctions.googleapis.com/v2/projects/mybaseballpassport/locations/us-central1/operations/operation-1773424290394-64ceb84dd70c3-2ad156dd-641124b6 {"name":"projects/mybaseballpassport/locations/us-central1/operations/operation-1773424290394-64ceb84dd70c3-2ad156dd-641124b6","metadata":{"@type":"type.googleapis.com/google.cloud.functions.v2.OperationMetadata","createTime":"2026-03-13T17:51:31.864965615Z","target":"projects/mybaseballpassport/locations/us-central1/functions/deleteUserAccount","verb":"create","cancelRequested":false,"apiVersion":"v2","requestResource":{"@type":"type.googleapis.com/google.cloud.functions.v2.Function","name":"projects/mybaseballpassport/locations/us-central1/functions/deleteUserAccount","buildConfig":{"runtime":"nodejs24","entryPoint":"deleteUserAccount","source":{"storageSource":{"bucket":"gcf-v2-sources-171882071353-us-central1","object":"deleteUserAccount/function-source.zip","generation":"1773424291480027"}},"environmentVariables":{"GOOGLE_NODE_RUN_SCRIPTS":""},"serviceAccount":"projects/mybaseballpassport/serviceAccounts/171882071353-compute@developer.gserviceaccount.com","automaticUpdatePolicy":{}},"serviceConfig":{"service":"projects/mybaseballpassport/locations/us-central1/services/deleteuseraccount","timeoutSeconds":60,"environmentVariables":{"FIREBASE_CONFIG":"{\"projectId\":\"mybaseballpassport\",\"storageBucket\":\"mybaseballpassport.firebasestorage.app\"}","GCLOUD_PROJECT":"mybaseballpassport","EVENTARC_CLOUD_EVENT_SOURCE":"projects/mybaseballpassport/locations/us-central1/services/deleteUserAccount","FUNCTION_TARGET":"deleteUserAccount","LOG_EXECUTION_ID":"true"},"ingressSettings":"ALLOW_ALL","serviceAccountEmail":"171882071353-compute@developer.gserviceaccount.com","availableMemory":"256Mi","maxInstanceRequestConcurrency":80,"availableCpu":"1"},"labels":{"deployment-tool":"cli-firebase","deployment-callable":"true","firebase-functions-hash":"3988e49557b98ae60d9676881050bf6f447c5821"},"environment":"GEN_2"},"stages":[{"name":"BUILD","state":"NOT_STARTED"},{"name":"SERVICE","state":"NOT_STARTED"}],"operationType":"CREATE_FUNCTION"},"done":false}
[debug] [2026-03-13T17:51:39.634Z] [create-default-us-central1-deleteUserAccount] Retrying task index 0
[debug] [2026-03-13T17:51:39.634Z] Checked if tokens are valid: true, expires at: 1773427864234
[debug] [2026-03-13T17:51:39.634Z] Checked if tokens are valid: true, expires at: 1773427864234
[debug] [2026-03-13T17:51:39.635Z] >>> [apiv2][query] GET https://cloudfunctions.googleapis.com/v2/projects/mybaseballpassport/locations/us-central1/operations/operation-1773424290394-64ceb84dd70c3-2ad156dd-641124b6 [none]
[debug] [2026-03-13T17:51:39.732Z] <<< [apiv2][status] GET https://cloudfunctions.googleapis.com/v2/projects/mybaseballpassport/locations/us-central1/operations/operation-1773424290394-64ceb84dd70c3-2ad156dd-641124b6 200
[debug] [2026-03-13T17:51:39.732Z] <<< [apiv2][body] GET https://cloudfunctions.googleapis.com/v2/projects/mybaseballpassport/locations/us-central1/operations/operation-1773424290394-64ceb84dd70c3-2ad156dd-641124b6 {"name":"projects/mybaseballpassport/locations/us-central1/operations/operation-1773424290394-64ceb84dd70c3-2ad156dd-641124b6","metadata":{"@type":"type.googleapis.com/google.cloud.functions.v2.OperationMetadata","createTime":"2026-03-13T17:51:31.864965615Z","target":"projects/mybaseballpassport/locations/us-central1/functions/deleteUserAccount","verb":"create","cancelRequested":false,"apiVersion":"v2","requestResource":{"@type":"type.googleapis.com/google.cloud.functions.v2.Function","name":"projects/mybaseballpassport/locations/us-central1/functions/deleteUserAccount","buildConfig":{"runtime":"nodejs24","entryPoint":"deleteUserAccount","source":{"storageSource":{"bucket":"gcf-v2-sources-171882071353-us-central1","object":"deleteUserAccount/function-source.zip","generation":"1773424291480027"}},"environmentVariables":{"GOOGLE_NODE_RUN_SCRIPTS":""},"serviceAccount":"projects/mybaseballpassport/serviceAccounts/171882071353-compute@developer.gserviceaccount.com","automaticUpdatePolicy":{}},"serviceConfig":{"service":"projects/mybaseballpassport/locations/us-central1/services/deleteuseraccount","timeoutSeconds":60,"environmentVariables":{"FIREBASE_CONFIG":"{\"projectId\":\"mybaseballpassport\",\"storageBucket\":\"mybaseballpassport.firebasestorage.app\"}","GCLOUD_PROJECT":"mybaseballpassport","EVENTARC_CLOUD_EVENT_SOURCE":"projects/mybaseballpassport/locations/us-central1/services/deleteUserAccount","FUNCTION_TARGET":"deleteUserAccount","LOG_EXECUTION_ID":"true"},"ingressSettings":"ALLOW_ALL","serviceAccountEmail":"171882071353-compute@developer.gserviceaccount.com","availableMemory":"256Mi","maxInstanceRequestConcurrency":80,"availableCpu":"1"},"labels":{"deployment-tool":"cli-firebase","deployment-callable":"true","firebase-functions-hash":"3988e49557b98ae60d9676881050bf6f447c5821"},"environment":"GEN_2"},"stages":[{"name":"BUILD","state":"NOT_STARTED"},{"name":"SERVICE","state":"NOT_STARTED"}],"operationType":"CREATE_FUNCTION"},"done":false}
[debug] [2026-03-13T17:51:47.742Z] [create-default-us-central1-deleteUserAccount] Retrying task index 0
[debug] [2026-03-13T17:51:47.742Z] Checked if tokens are valid: true, expires at: 1773427864234
[debug] [2026-03-13T17:51:47.742Z] Checked if tokens are valid: true, expires at: 1773427864234
[debug] [2026-03-13T17:51:47.743Z] >>> [apiv2][query] GET https://cloudfunctions.googleapis.com/v2/projects/mybaseballpassport/locations/us-central1/operations/operation-1773424290394-64ceb84dd70c3-2ad156dd-641124b6 [none]
[debug] [2026-03-13T17:51:48.027Z] <<< [apiv2][status] GET https://cloudfunctions.googleapis.com/v2/projects/mybaseballpassport/locations/us-central1/operations/operation-1773424290394-64ceb84dd70c3-2ad156dd-641124b6 200
[debug] [2026-03-13T17:51:48.027Z] <<< [apiv2][body] GET https://cloudfunctions.googleapis.com/v2/projects/mybaseballpassport/locations/us-central1/operations/operation-1773424290394-64ceb84dd70c3-2ad156dd-641124b6 {"name":"projects/mybaseballpassport/locations/us-central1/operations/operation-1773424290394-64ceb84dd70c3-2ad156dd-641124b6","metadata":{"@type":"type.googleapis.com/google.cloud.functions.v2.OperationMetadata","createTime":"2026-03-13T17:51:31.864965615Z","target":"projects/mybaseballpassport/locations/us-central1/functions/deleteUserAccount","verb":"create","cancelRequested":false,"apiVersion":"v2","requestResource":{"@type":"type.googleapis.com/google.cloud.functions.v2.Function","name":"projects/mybaseballpassport/locations/us-central1/functions/deleteUserAccount","buildConfig":{"runtime":"nodejs24","entryPoint":"deleteUserAccount","source":{"storageSource":{"bucket":"gcf-v2-sources-171882071353-us-central1","object":"deleteUserAccount/function-source.zip","generation":"1773424291480027"}},"environmentVariables":{"GOOGLE_NODE_RUN_SCRIPTS":""},"serviceAccount":"projects/mybaseballpassport/serviceAccounts/171882071353-compute@developer.gserviceaccount.com","automaticUpdatePolicy":{}},"serviceConfig":{"service":"projects/mybaseballpassport/locations/us-central1/services/deleteuseraccount","timeoutSeconds":60,"environmentVariables":{"FIREBASE_CONFIG":"{\"projectId\":\"mybaseballpassport\",\"storageBucket\":\"mybaseballpassport.firebasestorage.app\"}","GCLOUD_PROJECT":"mybaseballpassport","EVENTARC_CLOUD_EVENT_SOURCE":"projects/mybaseballpassport/locations/us-central1/services/deleteUserAccount","FUNCTION_TARGET":"deleteUserAccount","LOG_EXECUTION_ID":"true"},"ingressSettings":"ALLOW_ALL","serviceAccountEmail":"171882071353-compute@developer.gserviceaccount.com","availableMemory":"256Mi","maxInstanceRequestConcurrency":80,"availableCpu":"1"},"labels":{"deployment-tool":"cli-firebase","deployment-callable":"true","firebase-functions-hash":"3988e49557b98ae60d9676881050bf6f447c5821"},"environment":"GEN_2"},"stages":[{"name":"BUILD","message":"Build in progress","state":"IN_PROGRESS","resource":"projects/171882071353/locations/us-central1/builds/cc7daca0-c627-4a82-9f65-1b2c79b9d00f","resourceUri":"https://console.cloud.google.com/cloud-build/builds;region=us-central1/cc7daca0-c627-4a82-9f65-1b2c79b9d00f?project=171882071353"},{"name":"SERVICE","state":"NOT_STARTED"}],"operationType":"CREATE_FUNCTION","buildName":"projects/171882071353/locations/us-central1/builds/cc7daca0-c627-4a82-9f65-1b2c79b9d00f"},"done":false}
[debug] [2026-03-13T17:51:58.031Z] [create-default-us-central1-deleteUserAccount] Retrying task index 0
[debug] [2026-03-13T17:51:58.032Z] Checked if tokens are valid: true, expires at: 1773427864234
[debug] [2026-03-13T17:51:58.032Z] Checked if tokens are valid: true, expires at: 1773427864234
[debug] [2026-03-13T17:51:58.032Z] >>> [apiv2][query] GET https://cloudfunctions.googleapis.com/v2/projects/mybaseballpassport/locations/us-central1/operations/operation-1773424290394-64ceb84dd70c3-2ad156dd-641124b6 [none]
[debug] [2026-03-13T17:51:58.439Z] <<< [apiv2][status] GET https://cloudfunctions.googleapis.com/v2/projects/mybaseballpassport/locations/us-central1/operations/operation-1773424290394-64ceb84dd70c3-2ad156dd-641124b6 200
[debug] [2026-03-13T17:51:58.439Z] <<< [apiv2][body] GET https://cloudfunctions.googleapis.com/v2/projects/mybaseballpassport/locations/us-central1/operations/operation-1773424290394-64ceb84dd70c3-2ad156dd-641124b6 {"name":"projects/mybaseballpassport/locations/us-central1/operations/operation-1773424290394-64ceb84dd70c3-2ad156dd-641124b6","metadata":{"@type":"type.googleapis.com/google.cloud.functions.v2.OperationMetadata","createTime":"2026-03-13T17:51:31.864965615Z","target":"projects/mybaseballpassport/locations/us-central1/functions/deleteUserAccount","verb":"create","cancelRequested":false,"apiVersion":"v2","requestResource":{"@type":"type.googleapis.com/google.cloud.functions.v2.Function","name":"projects/mybaseballpassport/locations/us-central1/functions/deleteUserAccount","buildConfig":{"runtime":"nodejs24","entryPoint":"deleteUserAccount","source":{"storageSource":{"bucket":"gcf-v2-sources-171882071353-us-central1","object":"deleteUserAccount/function-source.zip","generation":"1773424291480027"}},"environmentVariables":{"GOOGLE_NODE_RUN_SCRIPTS":""},"serviceAccount":"projects/mybaseballpassport/serviceAccounts/171882071353-compute@developer.gserviceaccount.com","automaticUpdatePolicy":{}},"serviceConfig":{"service":"projects/mybaseballpassport/locations/us-central1/services/deleteuseraccount","timeoutSeconds":60,"environmentVariables":{"FIREBASE_CONFIG":"{\"projectId\":\"mybaseballpassport\",\"storageBucket\":\"mybaseballpassport.firebasestorage.app\"}","GCLOUD_PROJECT":"mybaseballpassport","EVENTARC_CLOUD_EVENT_SOURCE":"projects/mybaseballpassport/locations/us-central1/services/deleteUserAccount","FUNCTION_TARGET":"deleteUserAccount","LOG_EXECUTION_ID":"true"},"ingressSettings":"ALLOW_ALL","serviceAccountEmail":"171882071353-compute@developer.gserviceaccount.com","availableMemory":"256Mi","maxInstanceRequestConcurrency":80,"availableCpu":"1"},"labels":{"deployment-tool":"cli-firebase","deployment-callable":"true","firebase-functions-hash":"3988e49557b98ae60d9676881050bf6f447c5821"},"environment":"GEN_2"},"stages":[{"name":"BUILD","message":"Build in progress","state":"IN_PROGRESS","resource":"projects/171882071353/locations/us-central1/builds/cc7daca0-c627-4a82-9f65-1b2c79b9d00f","resourceUri":"https://console.cloud.google.com/cloud-build/builds;region=us-central1/cc7daca0-c627-4a82-9f65-1b2c79b9d00f?project=171882071353"},{"name":"SERVICE","state":"NOT_STARTED"}],"operationType":"CREATE_FUNCTION","buildName":"projects/171882071353/locations/us-central1/builds/cc7daca0-c627-4a82-9f65-1b2c79b9d00f"},"done":false}
[debug] [2026-03-13T17:52:08.438Z] [create-default-us-central1-deleteUserAccount] Retrying task index 0
[debug] [2026-03-13T17:52:08.439Z] Checked if tokens are valid: true, expires at: 1773427864234
[debug] [2026-03-13T17:52:08.439Z] Checked if tokens are valid: true, expires at: 1773427864234
[debug] [2026-03-13T17:52:08.439Z] >>> [apiv2][query] GET https://cloudfunctions.googleapis.com/v2/projects/mybaseballpassport/locations/us-central1/operations/operation-1773424290394-64ceb84dd70c3-2ad156dd-641124b6 [none]
[debug] [2026-03-13T17:52:08.644Z] <<< [apiv2][status] GET https://cloudfunctions.googleapis.com/v2/projects/mybaseballpassport/locations/us-central1/operations/operation-1773424290394-64ceb84dd70c3-2ad156dd-641124b6 200
[debug] [2026-03-13T17:52:08.644Z] <<< [apiv2][body] GET https://cloudfunctions.googleapis.com/v2/projects/mybaseballpassport/locations/us-central1/operations/operation-1773424290394-64ceb84dd70c3-2ad156dd-641124b6 {"name":"projects/mybaseballpassport/locations/us-central1/operations/operation-1773424290394-64ceb84dd70c3-2ad156dd-641124b6","metadata":{"@type":"type.googleapis.com/google.cloud.functions.v2.OperationMetadata","createTime":"2026-03-13T17:51:31.864965615Z","target":"projects/mybaseballpassport/locations/us-central1/functions/deleteUserAccount","verb":"create","cancelRequested":false,"apiVersion":"v2","requestResource":{"@type":"type.googleapis.com/google.cloud.functions.v2.Function","name":"projects/mybaseballpassport/locations/us-central1/functions/deleteUserAccount","buildConfig":{"runtime":"nodejs24","entryPoint":"deleteUserAccount","source":{"storageSource":{"bucket":"gcf-v2-sources-171882071353-us-central1","object":"deleteUserAccount/function-source.zip","generation":"1773424291480027"}},"environmentVariables":{"GOOGLE_NODE_RUN_SCRIPTS":""},"serviceAccount":"projects/mybaseballpassport/serviceAccounts/171882071353-compute@developer.gserviceaccount.com","automaticUpdatePolicy":{}},"serviceConfig":{"service":"projects/mybaseballpassport/locations/us-central1/services/deleteuseraccount","timeoutSeconds":60,"environmentVariables":{"FIREBASE_CONFIG":"{\"projectId\":\"mybaseballpassport\",\"storageBucket\":\"mybaseballpassport.firebasestorage.app\"}","GCLOUD_PROJECT":"mybaseballpassport","EVENTARC_CLOUD_EVENT_SOURCE":"projects/mybaseballpassport/locations/us-central1/services/deleteUserAccount","FUNCTION_TARGET":"deleteUserAccount","LOG_EXECUTION_ID":"true"},"ingressSettings":"ALLOW_ALL","serviceAccountEmail":"171882071353-compute@developer.gserviceaccount.com","availableMemory":"256Mi","maxInstanceRequestConcurrency":80,"availableCpu":"1"},"labels":{"deployment-tool":"cli-firebase","deployment-callable":"true","firebase-functions-hash":"3988e49557b98ae60d9676881050bf6f447c5821"},"environment":"GEN_2"},"stages":[{"name":"BUILD","message":"Build in progress","state":"IN_PROGRESS","resource":"projects/171882071353/locations/us-central1/builds/cc7daca0-c627-4a82-9f65-1b2c79b9d00f","resourceUri":"https://console.cloud.google.com/cloud-build/builds;region=us-central1/cc7daca0-c627-4a82-9f65-1b2c79b9d00f?project=171882071353"},{"name":"SERVICE","state":"NOT_STARTED"}],"operationType":"CREATE_FUNCTION","buildName":"projects/171882071353/locations/us-central1/builds/cc7daca0-c627-4a82-9f65-1b2c79b9d00f"},"done":false}
[debug] [2026-03-13T17:52:18.647Z] [create-default-us-central1-deleteUserAccount] Retrying task index 0
[debug] [2026-03-13T17:52:18.647Z] Checked if tokens are valid: true, expires at: 1773427864234
[debug] [2026-03-13T17:52:18.647Z] Checked if tokens are valid: true, expires at: 1773427864234
[debug] [2026-03-13T17:52:18.648Z] >>> [apiv2][query] GET https://cloudfunctions.googleapis.com/v2/projects/mybaseballpassport/locations/us-central1/operations/operation-1773424290394-64ceb84dd70c3-2ad156dd-641124b6 [none]
[debug] [2026-03-13T17:52:18.922Z] <<< [apiv2][status] GET https://cloudfunctions.googleapis.com/v2/projects/mybaseballpassport/locations/us-central1/operations/operation-1773424290394-64ceb84dd70c3-2ad156dd-641124b6 200
[debug] [2026-03-13T17:52:18.922Z] <<< [apiv2][body] GET https://cloudfunctions.googleapis.com/v2/projects/mybaseballpassport/locations/us-central1/operations/operation-1773424290394-64ceb84dd70c3-2ad156dd-641124b6 {"name":"projects/mybaseballpassport/locations/us-central1/operations/operation-1773424290394-64ceb84dd70c3-2ad156dd-641124b6","metadata":{"@type":"type.googleapis.com/google.cloud.functions.v2.OperationMetadata","createTime":"2026-03-13T17:51:31.864965615Z","target":"projects/mybaseballpassport/locations/us-central1/functions/deleteUserAccount","verb":"create","cancelRequested":false,"apiVersion":"v2","requestResource":{"@type":"type.googleapis.com/google.cloud.functions.v2.Function","name":"projects/mybaseballpassport/locations/us-central1/functions/deleteUserAccount","buildConfig":{"runtime":"nodejs24","entryPoint":"deleteUserAccount","source":{"storageSource":{"bucket":"gcf-v2-sources-171882071353-us-central1","object":"deleteUserAccount/function-source.zip","generation":"1773424291480027"}},"environmentVariables":{"GOOGLE_NODE_RUN_SCRIPTS":""},"serviceAccount":"projects/mybaseballpassport/serviceAccounts/171882071353-compute@developer.gserviceaccount.com","automaticUpdatePolicy":{}},"serviceConfig":{"service":"projects/mybaseballpassport/locations/us-central1/services/deleteuseraccount","timeoutSeconds":60,"environmentVariables":{"FIREBASE_CONFIG":"{\"projectId\":\"mybaseballpassport\",\"storageBucket\":\"mybaseballpassport.firebasestorage.app\"}","GCLOUD_PROJECT":"mybaseballpassport","EVENTARC_CLOUD_EVENT_SOURCE":"projects/mybaseballpassport/locations/us-central1/services/deleteUserAccount","FUNCTION_TARGET":"deleteUserAccount","LOG_EXECUTION_ID":"true"},"ingressSettings":"ALLOW_ALL","serviceAccountEmail":"171882071353-compute@developer.gserviceaccount.com","availableMemory":"256Mi","maxInstanceRequestConcurrency":80,"availableCpu":"1"},"labels":{"deployment-tool":"cli-firebase","deployment-callable":"true","firebase-functions-hash":"3988e49557b98ae60d9676881050bf6f447c5821"},"environment":"GEN_2"},"stages":[{"name":"BUILD","message":"Build in progress","state":"IN_PROGRESS","resource":"projects/171882071353/locations/us-central1/builds/cc7daca0-c627-4a82-9f65-1b2c79b9d00f","resourceUri":"https://console.cloud.google.com/cloud-build/builds;region=us-central1/cc7daca0-c627-4a82-9f65-1b2c79b9d00f?project=171882071353"},{"name":"SERVICE","state":"NOT_STARTED"}],"operationType":"CREATE_FUNCTION","buildName":"projects/171882071353/locations/us-central1/builds/cc7daca0-c627-4a82-9f65-1b2c79b9d00f"},"done":false}
[debug] [2026-03-13T17:52:28.924Z] [create-default-us-central1-deleteUserAccount] Retrying task index 0
[debug] [2026-03-13T17:52:28.924Z] Checked if tokens are valid: true, expires at: 1773427864234
[debug] [2026-03-13T17:52:28.924Z] Checked if tokens are valid: true, expires at: 1773427864234
[debug] [2026-03-13T17:52:28.924Z] >>> [apiv2][query] GET https://cloudfunctions.googleapis.com/v2/projects/mybaseballpassport/locations/us-central1/operations/operation-1773424290394-64ceb84dd70c3-2ad156dd-641124b6 [none]
[debug] [2026-03-13T17:52:29.195Z] <<< [apiv2][status] GET https://cloudfunctions.googleapis.com/v2/projects/mybaseballpassport/locations/us-central1/operations/operation-1773424290394-64ceb84dd70c3-2ad156dd-641124b6 200
[debug] [2026-03-13T17:52:29.195Z] <<< [apiv2][body] GET https://cloudfunctions.googleapis.com/v2/projects/mybaseballpassport/locations/us-central1/operations/operation-1773424290394-64ceb84dd70c3-2ad156dd-641124b6 {"name":"projects/mybaseballpassport/locations/us-central1/operations/operation-1773424290394-64ceb84dd70c3-2ad156dd-641124b6","metadata":{"@type":"type.googleapis.com/google.cloud.functions.v2.OperationMetadata","createTime":"2026-03-13T17:51:31.864965615Z","target":"projects/mybaseballpassport/locations/us-central1/functions/deleteUserAccount","verb":"create","cancelRequested":false,"apiVersion":"v2","requestResource":{"@type":"type.googleapis.com/google.cloud.functions.v2.Function","name":"projects/mybaseballpassport/locations/us-central1/functions/deleteUserAccount","buildConfig":{"runtime":"nodejs24","entryPoint":"deleteUserAccount","source":{"storageSource":{"bucket":"gcf-v2-sources-171882071353-us-central1","object":"deleteUserAccount/function-source.zip","generation":"1773424291480027"}},"environmentVariables":{"GOOGLE_NODE_RUN_SCRIPTS":""},"serviceAccount":"projects/mybaseballpassport/serviceAccounts/171882071353-compute@developer.gserviceaccount.com","automaticUpdatePolicy":{}},"serviceConfig":{"service":"projects/mybaseballpassport/locations/us-central1/services/deleteuseraccount","timeoutSeconds":60,"environmentVariables":{"FIREBASE_CONFIG":"{\"projectId\":\"mybaseballpassport\",\"storageBucket\":\"mybaseballpassport.firebasestorage.app\"}","GCLOUD_PROJECT":"mybaseballpassport","EVENTARC_CLOUD_EVENT_SOURCE":"projects/mybaseballpassport/locations/us-central1/services/deleteUserAccount","FUNCTION_TARGET":"deleteUserAccount","LOG_EXECUTION_ID":"true"},"ingressSettings":"ALLOW_ALL","serviceAccountEmail":"171882071353-compute@developer.gserviceaccount.com","availableMemory":"256Mi","maxInstanceRequestConcurrency":80,"availableCpu":"1"},"labels":{"deployment-tool":"cli-firebase","deployment-callable":"true","firebase-functions-hash":"3988e49557b98ae60d9676881050bf6f447c5821"},"environment":"GEN_2"},"stages":[{"name":"BUILD","message":"Build in progress","state":"IN_PROGRESS","resource":"projects/171882071353/locations/us-central1/builds/cc7daca0-c627-4a82-9f65-1b2c79b9d00f","resourceUri":"https://console.cloud.google.com/cloud-build/builds;region=us-central1/cc7daca0-c627-4a82-9f65-1b2c79b9d00f?project=171882071353"},{"name":"SERVICE","state":"NOT_STARTED"}],"operationType":"CREATE_FUNCTION","buildName":"projects/171882071353/locations/us-central1/builds/cc7daca0-c627-4a82-9f65-1b2c79b9d00f"},"done":false}
[debug] [2026-03-13T17:52:39.208Z] [create-default-us-central1-deleteUserAccount] Retrying task index 0
[debug] [2026-03-13T17:52:39.209Z] Checked if tokens are valid: true, expires at: 1773427864234
[debug] [2026-03-13T17:52:39.209Z] Checked if tokens are valid: true, expires at: 1773427864234
[debug] [2026-03-13T17:52:39.210Z] >>> [apiv2][query] GET https://cloudfunctions.googleapis.com/v2/projects/mybaseballpassport/locations/us-central1/operations/operation-1773424290394-64ceb84dd70c3-2ad156dd-641124b6 [none]
[debug] [2026-03-13T17:52:39.488Z] <<< [apiv2][status] GET https://cloudfunctions.googleapis.com/v2/projects/mybaseballpassport/locations/us-central1/operations/operation-1773424290394-64ceb84dd70c3-2ad156dd-641124b6 200
[debug] [2026-03-13T17:52:39.488Z] <<< [apiv2][body] GET https://cloudfunctions.googleapis.com/v2/projects/mybaseballpassport/locations/us-central1/operations/operation-1773424290394-64ceb84dd70c3-2ad156dd-641124b6 {"name":"projects/mybaseballpassport/locations/us-central1/operations/operation-1773424290394-64ceb84dd70c3-2ad156dd-641124b6","metadata":{"@type":"type.googleapis.com/google.cloud.functions.v2.OperationMetadata","createTime":"2026-03-13T17:51:31.864965615Z","target":"projects/mybaseballpassport/locations/us-central1/functions/deleteUserAccount","verb":"create","cancelRequested":false,"apiVersion":"v2","requestResource":{"@type":"type.googleapis.com/google.cloud.functions.v2.Function","name":"projects/mybaseballpassport/locations/us-central1/functions/deleteUserAccount","buildConfig":{"runtime":"nodejs24","entryPoint":"deleteUserAccount","source":{"storageSource":{"bucket":"gcf-v2-sources-171882071353-us-central1","object":"deleteUserAccount/function-source.zip","generation":"1773424291480027"}},"environmentVariables":{"GOOGLE_NODE_RUN_SCRIPTS":""},"serviceAccount":"projects/mybaseballpassport/serviceAccounts/171882071353-compute@developer.gserviceaccount.com","automaticUpdatePolicy":{}},"serviceConfig":{"service":"projects/mybaseballpassport/locations/us-central1/services/deleteuseraccount","timeoutSeconds":60,"environmentVariables":{"FIREBASE_CONFIG":"{\"projectId\":\"mybaseballpassport\",\"storageBucket\":\"mybaseballpassport.firebasestorage.app\"}","GCLOUD_PROJECT":"mybaseballpassport","EVENTARC_CLOUD_EVENT_SOURCE":"projects/mybaseballpassport/locations/us-central1/services/deleteUserAccount","FUNCTION_TARGET":"deleteUserAccount","LOG_EXECUTION_ID":"true"},"ingressSettings":"ALLOW_ALL","serviceAccountEmail":"171882071353-compute@developer.gserviceaccount.com","availableMemory":"256Mi","maxInstanceRequestConcurrency":80,"availableCpu":"1"},"labels":{"deployment-tool":"cli-firebase","deployment-callable":"true","firebase-functions-hash":"3988e49557b98ae60d9676881050bf6f447c5821"},"environment":"GEN_2"},"stages":[{"name":"BUILD","message":"Build finished","state":"COMPLETE","resource":"projects/171882071353/locations/us-central1/builds/cc7daca0-c627-4a82-9f65-1b2c79b9d00f","resourceUri":"https://console.cloud.google.com/cloud-build/builds;region=us-central1/cc7daca0-c627-4a82-9f65-1b2c79b9d00f?project=171882071353"},{"name":"SERVICE","message":"Creating Cloud Run service","state":"IN_PROGRESS","resource":"projects/mybaseballpassport/locations/us-central1/services/deleteuseraccount","resourceUri":"https://console.cloud.google.com/run/detail/us-central1/deleteuseraccount?project=mybaseballpassport"}],"sourceToken":"Cldwcm9qZWN0cy8xNzE4ODIwNzEzNTMvbG9jYXRpb25zL3VzLWNlbnRyYWwxL2J1aWxkcy9jYzdkYWNhMC1jNjI3LTRhODItOWY2NS0xYjJjNzliOWQwMGYSe3VzLWNlbnRyYWwxLWRvY2tlci5wa2cuZGV2L215YmFzZWJhbGxwYXNzcG9ydC9nY2YtYXJ0aWZhY3RzL215YmFzZWJhbGxwYXNzcG9ydF9fdXMtLWNlbnRyYWwxX19kZWxldGVfdXNlcl9hY2NvdW50OnZlcnNpb25fMRi5iuGngAUiTXByb2plY3RzL215YmFzZWJhbGxwYXNzcG9ydC9sb2NhdGlvbnMvdXMtY2VudHJhbDEvZnVuY3Rpb25zL2RlbGV0ZVVzZXJBY2NvdW50KgwI5p3RzQYQoObm2wIyCG5vZGVqczI0OnYKI2djci5pby9nYWUtcnVudGltZXMvbm9kZWpzMjQ6c3RhYmxlEk91cy1jZW50cmFsMS1kb2NrZXIucGtnLmRldi9zZXJ2ZXJsZXNzLXJ1bnRpbWVzL2dvb2dsZS0yNC1mdWxsL3J1bnRpbWVzL25vZGVqczI0QAE=","operationType":"CREATE_FUNCTION","buildName":"projects/171882071353/locations/us-central1/builds/cc7daca0-c627-4a82-9f65-1b2c79b9d00f"},"done":false}
[debug] [2026-03-13T17:52:39.488Z] Got source token Cldwcm9qZWN0cy8xNzE4ODIwNzEzNTMvbG9jYXRpb25zL3VzLWNlbnRyYWwxL2J1aWxkcy9jYzdkYWNhMC1jNjI3LTRhODItOWY2NS0xYjJjNzliOWQwMGYSe3VzLWNlbnRyYWwxLWRvY2tlci5wa2cuZGV2L215YmFzZWJhbGxwYXNzcG9ydC9nY2YtYXJ0aWZhY3RzL215YmFzZWJhbGxwYXNzcG9ydF9fdXMtLWNlbnRyYWwxX19kZWxldGVfdXNlcl9hY2NvdW50OnZlcnNpb25fMRi5iuGngAUiTXByb2plY3RzL215YmFzZWJhbGxwYXNzcG9ydC9sb2NhdGlvbnMvdXMtY2VudHJhbDEvZnVuY3Rpb25zL2RlbGV0ZVVzZXJBY2NvdW50KgwI5p3RzQYQoObm2wIyCG5vZGVqczI0OnYKI2djci5pby9nYWUtcnVudGltZXMvbm9kZWpzMjQ6c3RhYmxlEk91cy1jZW50cmFsMS1kb2NrZXIucGtnLmRldi9zZXJ2ZXJsZXNzLXJ1bnRpbWVzL2dvb2dsZS0yNC1mdWxsL3J1bnRpbWVzL25vZGVqczI0QAE= for region us-central1
[debug] [2026-03-13T17:52:39.488Z] Checked if tokens are valid: true, expires at: 1773427864234
[debug] [2026-03-13T17:52:39.489Z] Checked if tokens are valid: true, expires at: 1773427864234
[debug] [2026-03-13T17:52:39.489Z] Checked if tokens are valid: true, expires at: 1773427864234
[debug] [2026-03-13T17:52:39.489Z] Checked if tokens are valid: true, expires at: 1773427864234
[debug] [2026-03-13T17:52:39.489Z] Checked if tokens are valid: true, expires at: 1773427864234
[debug] [2026-03-13T17:52:39.489Z] Checked if tokens are valid: true, expires at: 1773427864234
[debug] [2026-03-13T17:52:39.489Z] Checked if tokens are valid: true, expires at: 1773427864234
[debug] [2026-03-13T17:52:39.489Z] Checked if tokens are valid: true, expires at: 1773427864234
[debug] [2026-03-13T17:52:39.489Z] Checked if tokens are valid: true, expires at: 1773427864234
[debug] [2026-03-13T17:52:39.489Z] Checked if tokens are valid: true, expires at: 1773427864234
[debug] [2026-03-13T17:52:39.489Z] Checked if tokens are valid: true, expires at: 1773427864234
[debug] [2026-03-13T17:52:39.489Z] Checked if tokens are valid: true, expires at: 1773427864234
[debug] [2026-03-13T17:52:39.490Z] >>> [apiv2][query] POST https://cloudfunctions.googleapis.com/v2/projects/mybaseballpassport/locations/us-central1/functions functionId=sendPushNotification
[debug] [2026-03-13T17:52:39.490Z] >>> [apiv2][body] POST https://cloudfunctions.googleapis.com/v2/projects/mybaseballpassport/locations/us-central1/functions {"name":"projects/mybaseballpassport/locations/us-central1/functions/sendPushNotification","buildConfig":{"runtime":"nodejs24","entryPoint":"sendPushNotification","source":{"storageSource":{"bucket":"gcf-v2-uploads-171882071353.us-central1.cloudfunctions.appspot.com","object":"0eaf7db1-198a-4fed-a526-b85dc2381178.zip"}},"environmentVariables":{"GOOGLE_NODE_RUN_SCRIPTS":""},"sourceToken":"Cldwcm9qZWN0cy8xNzE4ODIwNzEzNTMvbG9jYXRpb25zL3VzLWNlbnRyYWwxL2J1aWxkcy9jYzdkYWNhMC1jNjI3LTRhODItOWY2NS0xYjJjNzliOWQwMGYSe3VzLWNlbnRyYWwxLWRvY2tlci5wa2cuZGV2L215YmFzZWJhbGxwYXNzcG9ydC9nY2YtYXJ0aWZhY3RzL215YmFzZWJhbGxwYXNzcG9ydF9fdXMtLWNlbnRyYWwxX19kZWxldGVfdXNlcl9hY2NvdW50OnZlcnNpb25fMRi5iuGngAUiTXByb2plY3RzL215YmFzZWJhbGxwYXNzcG9ydC9sb2NhdGlvbnMvdXMtY2VudHJhbDEvZnVuY3Rpb25zL2RlbGV0ZVVzZXJBY2NvdW50KgwI5p3RzQYQoObm2wIyCG5vZGVqczI0OnYKI2djci5pby9nYWUtcnVudGltZXMvbm9kZWpzMjQ6c3RhYmxlEk91cy1jZW50cmFsMS1kb2NrZXIucGtnLmRldi9zZXJ2ZXJsZXNzLXJ1bnRpbWVzL2dvb2dsZS0yNC1mdWxsL3J1bnRpbWVzL25vZGVqczI0QAE="},"serviceConfig":{"environmentVariables":{"FIREBASE_CONFIG":"{\"projectId\":\"mybaseballpassport\",\"storageBucket\":\"mybaseballpassport.firebasestorage.app\"}","GCLOUD_PROJECT":"mybaseballpassport","EVENTARC_CLOUD_EVENT_SOURCE":"projects/mybaseballpassport/locations/us-central1/services/sendPushNotification","FUNCTION_TARGET":"sendPushNotification","LOG_EXECUTION_ID":"true"},"ingressSettings":null,"timeoutSeconds":null,"serviceAccountEmail":null,"availableMemory":"256Mi","minInstanceCount":null,"maxInstanceCount":null,"maxInstanceRequestConcurrency":80,"availableCpu":"1","vpcConnector":null,"vpcConnectorEgressSettings":null},"labels":{"deployment-tool":"cli-firebase","deployment-callable":"true","firebase-functions-hash":"3988e49557b98ae60d9676881050bf6f447c5821"}}
[debug] [2026-03-13T17:52:39.491Z] >>> [apiv2][query] POST https://cloudfunctions.googleapis.com/v2/projects/mybaseballpassport/locations/us-central1/functions functionId=onFriendRequest
[debug] [2026-03-13T17:52:39.491Z] >>> [apiv2][body] POST https://cloudfunctions.googleapis.com/v2/projects/mybaseballpassport/locations/us-central1/functions {"name":"projects/mybaseballpassport/locations/us-central1/functions/onFriendRequest","buildConfig":{"runtime":"nodejs24","entryPoint":"onFriendRequest","source":{"storageSource":{"bucket":"gcf-v2-uploads-171882071353.us-central1.cloudfunctions.appspot.com","object":"0eaf7db1-198a-4fed-a526-b85dc2381178.zip"}},"environmentVariables":{"GOOGLE_NODE_RUN_SCRIPTS":""},"sourceToken":"Cldwcm9qZWN0cy8xNzE4ODIwNzEzNTMvbG9jYXRpb25zL3VzLWNlbnRyYWwxL2J1aWxkcy9jYzdkYWNhMC1jNjI3LTRhODItOWY2NS0xYjJjNzliOWQwMGYSe3VzLWNlbnRyYWwxLWRvY2tlci5wa2cuZGV2L215YmFzZWJhbGxwYXNzcG9ydC9nY2YtYXJ0aWZhY3RzL215YmFzZWJhbGxwYXNzcG9ydF9fdXMtLWNlbnRyYWwxX19kZWxldGVfdXNlcl9hY2NvdW50OnZlcnNpb25fMRi5iuGngAUiTXByb2plY3RzL215YmFzZWJhbGxwYXNzcG9ydC9sb2NhdGlvbnMvdXMtY2VudHJhbDEvZnVuY3Rpb25zL2RlbGV0ZVVzZXJBY2NvdW50KgwI5p3RzQYQoObm2wIyCG5vZGVqczI0OnYKI2djci5pby9nYWUtcnVudGltZXMvbm9kZWpzMjQ6c3RhYmxlEk91cy1jZW50cmFsMS1kb2NrZXIucGtnLmRldi9zZXJ2ZXJsZXNzLXJ1bnRpbWVzL2dvb2dsZS0yNC1mdWxsL3J1bnRpbWVzL25vZGVqczI0QAE="},"serviceConfig":{"environmentVariables":{"FIREBASE_CONFIG":"{\"projectId\":\"mybaseballpassport\",\"storageBucket\":\"mybaseballpassport.firebasestorage.app\"}","GCLOUD_PROJECT":"mybaseballpassport","EVENTARC_CLOUD_EVENT_SOURCE":"projects/mybaseballpassport/locations/us-central1/services/onFriendRequest","FUNCTION_SIGNATURE_TYPE":"cloudevent","FUNCTION_TARGET":"onFriendRequest","LOG_EXECUTION_ID":"true"},"ingressSettings":null,"timeoutSeconds":null,"serviceAccountEmail":null,"availableMemory":"256Mi","minInstanceCount":null,"maxInstanceCount":null,"maxInstanceRequestConcurrency":80,"availableCpu":"1","vpcConnector":null,"vpcConnectorEgressSettings":null},"labels":{"deployment-tool":"cli-firebase","firebase-functions-hash":"3988e49557b98ae60d9676881050bf6f447c5821"},"eventTrigger":{"eventType":"google.cloud.firestore.document.v1.created","retryPolicy":"RETRY_POLICY_DO_NOT_RETRY","eventFilters":[{"attribute":"database","value":"(default)"},{"attribute":"namespace","value":"(default)"},{"attribute":"document","value":"profiles/{targetUid}/friendRequests/{requestId}","operator":"match-path-pattern"}],"triggerRegion":"nam5"}}
[debug] [2026-03-13T17:52:39.494Z] >>> [apiv2][query] POST https://cloudfunctions.googleapis.com/v2/projects/mybaseballpassport/locations/us-central1/functions functionId=onCheerAdded
[debug] [2026-03-13T17:52:39.494Z] >>> [apiv2][body] POST https://cloudfunctions.googleapis.com/v2/projects/mybaseballpassport/locations/us-central1/functions {"name":"projects/mybaseballpassport/locations/us-central1/functions/onCheerAdded","buildConfig":{"runtime":"nodejs24","entryPoint":"onCheerAdded","source":{"storageSource":{"bucket":"gcf-v2-uploads-171882071353.us-central1.cloudfunctions.appspot.com","object":"0eaf7db1-198a-4fed-a526-b85dc2381178.zip"}},"environmentVariables":{"GOOGLE_NODE_RUN_SCRIPTS":""},"sourceToken":"Cldwcm9qZWN0cy8xNzE4ODIwNzEzNTMvbG9jYXRpb25zL3VzLWNlbnRyYWwxL2J1aWxkcy9jYzdkYWNhMC1jNjI3LTRhODItOWY2NS0xYjJjNzliOWQwMGYSe3VzLWNlbnRyYWwxLWRvY2tlci5wa2cuZGV2L215YmFzZWJhbGxwYXNzcG9ydC9nY2YtYXJ0aWZhY3RzL215YmFzZWJhbGxwYXNzcG9ydF9fdXMtLWNlbnRyYWwxX19kZWxldGVfdXNlcl9hY2NvdW50OnZlcnNpb25fMRi5iuGngAUiTXByb2plY3RzL215YmFzZWJhbGxwYXNzcG9ydC9sb2NhdGlvbnMvdXMtY2VudHJhbDEvZnVuY3Rpb25zL2RlbGV0ZVVzZXJBY2NvdW50KgwI5p3RzQYQoObm2wIyCG5vZGVqczI0OnYKI2djci5pby9nYWUtcnVudGltZXMvbm9kZWpzMjQ6c3RhYmxlEk91cy1jZW50cmFsMS1kb2NrZXIucGtnLmRldi9zZXJ2ZXJsZXNzLXJ1bnRpbWVzL2dvb2dsZS0yNC1mdWxsL3J1bnRpbWVzL25vZGVqczI0QAE="},"serviceConfig":{"environmentVariables":{"FIREBASE_CONFIG":"{\"projectId\":\"mybaseballpassport\",\"storageBucket\":\"mybaseballpassport.firebasestorage.app\"}","GCLOUD_PROJECT":"mybaseballpassport","EVENTARC_CLOUD_EVENT_SOURCE":"projects/mybaseballpassport/locations/us-central1/services/onCheerAdded","FUNCTION_SIGNATURE_TYPE":"cloudevent","FUNCTION_TARGET":"onCheerAdded","LOG_EXECUTION_ID":"true"},"ingressSettings":null,"timeoutSeconds":null,"serviceAccountEmail":null,"availableMemory":"256Mi","minInstanceCount":null,"maxInstanceCount":null,"maxInstanceRequestConcurrency":80,"availableCpu":"1","vpcConnector":null,"vpcConnectorEgressSettings":null},"labels":{"deployment-tool":"cli-firebase","firebase-functions-hash":"3988e49557b98ae60d9676881050bf6f447c5821"},"eventTrigger":{"eventType":"google.cloud.firestore.document.v1.created","retryPolicy":"RETRY_POLICY_DO_NOT_RETRY","eventFilters":[{"attribute":"database","value":"(default)"},{"attribute":"namespace","value":"(default)"},{"attribute":"document","value":"profiles/{ownerUid}/checkins/{checkinId}/cheers/{cheerId}","operator":"match-path-pattern"}],"triggerRegion":"nam5"}}
[debug] [2026-03-13T17:52:39.495Z] >>> [apiv2][query] POST https://cloudfunctions.googleapis.com/v2/projects/mybaseballpassport/locations/us-central1/functions functionId=onChirpAdded
[debug] [2026-03-13T17:52:39.495Z] >>> [apiv2][body] POST https://cloudfunctions.googleapis.com/v2/projects/mybaseballpassport/locations/us-central1/functions {"name":"projects/mybaseballpassport/locations/us-central1/functions/onChirpAdded","buildConfig":{"runtime":"nodejs24","entryPoint":"onChirpAdded","source":{"storageSource":{"bucket":"gcf-v2-uploads-171882071353.us-central1.cloudfunctions.appspot.com","object":"0eaf7db1-198a-4fed-a526-b85dc2381178.zip"}},"environmentVariables":{"GOOGLE_NODE_RUN_SCRIPTS":""},"sourceToken":"Cldwcm9qZWN0cy8xNzE4ODIwNzEzNTMvbG9jYXRpb25zL3VzLWNlbnRyYWwxL2J1aWxkcy9jYzdkYWNhMC1jNjI3LTRhODItOWY2NS0xYjJjNzliOWQwMGYSe3VzLWNlbnRyYWwxLWRvY2tlci5wa2cuZGV2L215YmFzZWJhbGxwYXNzcG9ydC9nY2YtYXJ0aWZhY3RzL215YmFzZWJhbGxwYXNzcG9ydF9fdXMtLWNlbnRyYWwxX19kZWxldGVfdXNlcl9hY2NvdW50OnZlcnNpb25fMRi5iuGngAUiTXByb2plY3RzL215YmFzZWJhbGxwYXNzcG9ydC9sb2NhdGlvbnMvdXMtY2VudHJhbDEvZnVuY3Rpb25zL2RlbGV0ZVVzZXJBY2NvdW50KgwI5p3RzQYQoObm2wIyCG5vZGVqczI0OnYKI2djci5pby9nYWUtcnVudGltZXMvbm9kZWpzMjQ6c3RhYmxlEk91cy1jZW50cmFsMS1kb2NrZXIucGtnLmRldi9zZXJ2ZXJsZXNzLXJ1bnRpbWVzL2dvb2dsZS0yNC1mdWxsL3J1bnRpbWVzL25vZGVqczI0QAE="},"serviceConfig":{"environmentVariables":{"FIREBASE_CONFIG":"{\"projectId\":\"mybaseballpassport\",\"storageBucket\":\"mybaseballpassport.firebasestorage.app\"}","GCLOUD_PROJECT":"mybaseballpassport","EVENTARC_CLOUD_EVENT_SOURCE":"projects/mybaseballpassport/locations/us-central1/services/onChirpAdded","FUNCTION_SIGNATURE_TYPE":"cloudevent","FUNCTION_TARGET":"onChirpAdded","LOG_EXECUTION_ID":"true"},"ingressSettings":null,"timeoutSeconds":null,"serviceAccountEmail":null,"availableMemory":"256Mi","minInstanceCount":null,"maxInstanceCount":null,"maxInstanceRequestConcurrency":80,"availableCpu":"1","vpcConnector":null,"vpcConnectorEgressSettings":null},"labels":{"deployment-tool":"cli-firebase","firebase-functions-hash":"3988e49557b98ae60d9676881050bf6f447c5821"},"eventTrigger":{"eventType":"google.cloud.firestore.document.v1.created","retryPolicy":"RETRY_POLICY_DO_NOT_RETRY","eventFilters":[{"attribute":"database","value":"(default)"},{"attribute":"namespace","value":"(default)"},{"attribute":"document","value":"profiles/{ownerUid}/checkins/{checkinId}/chirps/{chirpId}","operator":"match-path-pattern"}],"triggerRegion":"nam5"}}
[debug] [2026-03-13T17:52:39.496Z] >>> [apiv2][query] POST https://cloudfunctions.googleapis.com/v2/projects/mybaseballpassport/locations/us-central1/functions functionId=deleteCheckin
[debug] [2026-03-13T17:52:39.496Z] >>> [apiv2][body] POST https://cloudfunctions.googleapis.com/v2/projects/mybaseballpassport/locations/us-central1/functions {"name":"projects/mybaseballpassport/locations/us-central1/functions/deleteCheckin","buildConfig":{"runtime":"nodejs24","entryPoint":"deleteCheckin","source":{"storageSource":{"bucket":"gcf-v2-uploads-171882071353.us-central1.cloudfunctions.appspot.com","object":"0eaf7db1-198a-4fed-a526-b85dc2381178.zip"}},"environmentVariables":{"GOOGLE_NODE_RUN_SCRIPTS":""},"sourceToken":"Cldwcm9qZWN0cy8xNzE4ODIwNzEzNTMvbG9jYXRpb25zL3VzLWNlbnRyYWwxL2J1aWxkcy9jYzdkYWNhMC1jNjI3LTRhODItOWY2NS0xYjJjNzliOWQwMGYSe3VzLWNlbnRyYWwxLWRvY2tlci5wa2cuZGV2L215YmFzZWJhbGxwYXNzcG9ydC9nY2YtYXJ0aWZhY3RzL215YmFzZWJhbGxwYXNzcG9ydF9fdXMtLWNlbnRyYWwxX19kZWxldGVfdXNlcl9hY2NvdW50OnZlcnNpb25fMRi5iuGngAUiTXByb2plY3RzL215YmFzZWJhbGxwYXNzcG9ydC9sb2NhdGlvbnMvdXMtY2VudHJhbDEvZnVuY3Rpb25zL2RlbGV0ZVVzZXJBY2NvdW50KgwI5p3RzQYQoObm2wIyCG5vZGVqczI0OnYKI2djci5pby9nYWUtcnVudGltZXMvbm9kZWpzMjQ6c3RhYmxlEk91cy1jZW50cmFsMS1kb2NrZXIucGtnLmRldi9zZXJ2ZXJsZXNzLXJ1bnRpbWVzL2dvb2dsZS0yNC1mdWxsL3J1bnRpbWVzL25vZGVqczI0QAE="},"serviceConfig":{"environmentVariables":{"FIREBASE_CONFIG":"{\"projectId\":\"mybaseballpassport\",\"storageBucket\":\"mybaseballpassport.firebasestorage.app\"}","GCLOUD_PROJECT":"mybaseballpassport","EVENTARC_CLOUD_EVENT_SOURCE":"projects/mybaseballpassport/locations/us-central1/services/deleteCheckin","FUNCTION_TARGET":"deleteCheckin","LOG_EXECUTION_ID":"true"},"ingressSettings":null,"timeoutSeconds":null,"serviceAccountEmail":null,"availableMemory":"256Mi","minInstanceCount":null,"maxInstanceCount":null,"maxInstanceRequestConcurrency":80,"availableCpu":"1","vpcConnector":null,"vpcConnectorEgressSettings":null},"labels":{"deployment-tool":"cli-firebase","deployment-callable":"true","firebase-functions-hash":"3988e49557b98ae60d9676881050bf6f447c5821"}}
[debug] [2026-03-13T17:52:39.497Z] >>> [apiv2][query] POST https://cloudfunctions.googleapis.com/v2/projects/mybaseballpassport/locations/us-central1/functions functionId=onFriendCheckin
[debug] [2026-03-13T17:52:39.497Z] >>> [apiv2][body] POST https://cloudfunctions.googleapis.com/v2/projects/mybaseballpassport/locations/us-central1/functions {"name":"projects/mybaseballpassport/locations/us-central1/functions/onFriendCheckin","buildConfig":{"runtime":"nodejs24","entryPoint":"onFriendCheckin","source":{"storageSource":{"bucket":"gcf-v2-uploads-171882071353.us-central1.cloudfunctions.appspot.com","object":"0eaf7db1-198a-4fed-a526-b85dc2381178.zip"}},"environmentVariables":{"GOOGLE_NODE_RUN_SCRIPTS":""},"sourceToken":"Cldwcm9qZWN0cy8xNzE4ODIwNzEzNTMvbG9jYXRpb25zL3VzLWNlbnRyYWwxL2J1aWxkcy9jYzdkYWNhMC1jNjI3LTRhODItOWY2NS0xYjJjNzliOWQwMGYSe3VzLWNlbnRyYWwxLWRvY2tlci5wa2cuZGV2L215YmFzZWJhbGxwYXNzcG9ydC9nY2YtYXJ0aWZhY3RzL215YmFzZWJhbGxwYXNzcG9ydF9fdXMtLWNlbnRyYWwxX19kZWxldGVfdXNlcl9hY2NvdW50OnZlcnNpb25fMRi5iuGngAUiTXByb2plY3RzL215YmFzZWJhbGxwYXNzcG9ydC9sb2NhdGlvbnMvdXMtY2VudHJhbDEvZnVuY3Rpb25zL2RlbGV0ZVVzZXJBY2NvdW50KgwI5p3RzQYQoObm2wIyCG5vZGVqczI0OnYKI2djci5pby9nYWUtcnVudGltZXMvbm9kZWpzMjQ6c3RhYmxlEk91cy1jZW50cmFsMS1kb2NrZXIucGtnLmRldi9zZXJ2ZXJsZXNzLXJ1bnRpbWVzL2dvb2dsZS0yNC1mdWxsL3J1bnRpbWVzL25vZGVqczI0QAE="},"serviceConfig":{"environmentVariables":{"FIREBASE_CONFIG":"{\"projectId\":\"mybaseballpassport\",\"storageBucket\":\"mybaseballpassport.firebasestorage.app\"}","GCLOUD_PROJECT":"mybaseballpassport","EVENTARC_CLOUD_EVENT_SOURCE":"projects/mybaseballpassport/locations/us-central1/services/onFriendCheckin","FUNCTION_SIGNATURE_TYPE":"cloudevent","FUNCTION_TARGET":"onFriendCheckin","LOG_EXECUTION_ID":"true"},"ingressSettings":null,"timeoutSeconds":null,"serviceAccountEmail":null,"availableMemory":"256Mi","minInstanceCount":null,"maxInstanceCount":null,"maxInstanceRequestConcurrency":80,"availableCpu":"1","vpcConnector":null,"vpcConnectorEgressSettings":null},"labels":{"deployment-tool":"cli-firebase","firebase-functions-hash":"3988e49557b98ae60d9676881050bf6f447c5821"},"eventTrigger":{"eventType":"google.cloud.firestore.document.v1.created","retryPolicy":"RETRY_POLICY_DO_NOT_RETRY","eventFilters":[{"attribute":"database","value":"(default)"},{"attribute":"namespace","value":"(default)"},{"attribute":"document","value":"profiles/{userUid}/checkins/{checkinId}","operator":"match-path-pattern"}],"triggerRegion":"nam5"}}
[debug] [2026-03-13T17:52:40.280Z] <<< [apiv2][status] POST https://cloudfunctions.googleapis.com/v2/projects/mybaseballpassport/locations/us-central1/functions 200
[debug] [2026-03-13T17:52:40.280Z] <<< [apiv2][body] POST https://cloudfunctions.googleapis.com/v2/projects/mybaseballpassport/locations/us-central1/functions {"name":"projects/mybaseballpassport/locations/us-central1/operations/operation-1773424360155-64ceb8905ea4b-c6ed2644-f652f274","metadata":{"@type":"type.googleapis.com/google.cloud.functions.v2.OperationMetadata","createTime":"2026-03-13T17:52:40.635424227Z","target":"projects/mybaseballpassport/locations/us-central1/functions/deleteCheckin","verb":"create","cancelRequested":false,"apiVersion":"v2"},"done":false}
[debug] [2026-03-13T17:52:40.280Z] Checked if tokens are valid: true, expires at: 1773427864234
[debug] [2026-03-13T17:52:40.280Z] Checked if tokens are valid: true, expires at: 1773427864234
[debug] [2026-03-13T17:52:40.280Z] >>> [apiv2][query] GET https://cloudfunctions.googleapis.com/v2/projects/mybaseballpassport/locations/us-central1/operations/operation-1773424360155-64ceb8905ea4b-c6ed2644-f652f274 [none]
[debug] [2026-03-13T17:52:40.281Z] <<< [apiv2][status] POST https://cloudfunctions.googleapis.com/v2/projects/mybaseballpassport/locations/us-central1/functions 200
[debug] [2026-03-13T17:52:40.281Z] <<< [apiv2][body] POST https://cloudfunctions.googleapis.com/v2/projects/mybaseballpassport/locations/us-central1/functions {"name":"projects/mybaseballpassport/locations/us-central1/operations/operation-1773424360100-64ceb890511bc-a6586c25-1d7bea62","metadata":{"@type":"type.googleapis.com/google.cloud.functions.v2.OperationMetadata","createTime":"2026-03-13T17:52:40.629101507Z","target":"projects/mybaseballpassport/locations/us-central1/functions/sendPushNotification","verb":"create","cancelRequested":false,"apiVersion":"v2"},"done":false}
[debug] [2026-03-13T17:52:40.281Z] Checked if tokens are valid: true, expires at: 1773427864234
[debug] [2026-03-13T17:52:40.281Z] Checked if tokens are valid: true, expires at: 1773427864234
[debug] [2026-03-13T17:52:40.281Z] >>> [apiv2][query] GET https://cloudfunctions.googleapis.com/v2/projects/mybaseballpassport/locations/us-central1/operations/operation-1773424360100-64ceb890511bc-a6586c25-1d7bea62 [none]
[debug] [2026-03-13T17:52:40.471Z] <<< [apiv2][status] GET https://cloudfunctions.googleapis.com/v2/projects/mybaseballpassport/locations/us-central1/operations/operation-1773424360155-64ceb8905ea4b-c6ed2644-f652f274 200
[debug] [2026-03-13T17:52:40.472Z] <<< [apiv2][body] GET https://cloudfunctions.googleapis.com/v2/projects/mybaseballpassport/locations/us-central1/operations/operation-1773424360155-64ceb8905ea4b-c6ed2644-f652f274 {"name":"projects/mybaseballpassport/locations/us-central1/operations/operation-1773424360155-64ceb8905ea4b-c6ed2644-f652f274","metadata":{"@type":"type.googleapis.com/google.cloud.functions.v2.OperationMetadata","createTime":"2026-03-13T17:52:40.635424227Z","target":"projects/mybaseballpassport/locations/us-central1/functions/deleteCheckin","verb":"create","cancelRequested":false,"apiVersion":"v2","requestResource":{"@type":"type.googleapis.com/google.cloud.functions.v2.Function","name":"projects/mybaseballpassport/locations/us-central1/functions/deleteCheckin","buildConfig":{"runtime":"nodejs24","entryPoint":"deleteCheckin","source":{"storageSource":{"bucket":"gcf-v2-sources-171882071353-us-central1","object":"deleteCheckin/function-source.zip","generation":"1773424360395808"}},"environmentVariables":{"GOOGLE_NODE_RUN_SCRIPTS":""},"sourceToken":"Cldwcm9qZWN0cy8xNzE4ODIwNzEzNTMvbG9jYXRpb25zL3VzLWNlbnRyYWwxL2J1aWxkcy9jYzdkYWNhMC1jNjI3LTRhODItOWY2NS0xYjJjNzliOWQwMGYSe3VzLWNlbnRyYWwxLWRvY2tlci5wa2cuZGV2L215YmFzZWJhbGxwYXNzcG9ydC9nY2YtYXJ0aWZhY3RzL215YmFzZWJhbGxwYXNzcG9ydF9fdXMtLWNlbnRyYWwxX19kZWxldGVfdXNlcl9hY2NvdW50OnZlcnNpb25fMRi5iuGngAUiTXByb2plY3RzL215YmFzZWJhbGxwYXNzcG9ydC9sb2NhdGlvbnMvdXMtY2VudHJhbDEvZnVuY3Rpb25zL2RlbGV0ZVVzZXJBY2NvdW50KgwI5p3RzQYQoObm2wIyCG5vZGVqczI0OnYKI2djci5pby9nYWUtcnVudGltZXMvbm9kZWpzMjQ6c3RhYmxlEk91cy1jZW50cmFsMS1kb2NrZXIucGtnLmRldi9zZXJ2ZXJsZXNzLXJ1bnRpbWVzL2dvb2dsZS0yNC1mdWxsL3J1bnRpbWVzL25vZGVqczI0QAE=","serviceAccount":"projects/mybaseballpassport/serviceAccounts/171882071353-compute@developer.gserviceaccount.com","automaticUpdatePolicy":{}},"serviceConfig":{"service":"projects/mybaseballpassport/locations/us-central1/services/deletecheckin","timeoutSeconds":60,"environmentVariables":{"FIREBASE_CONFIG":"{\"projectId\":\"mybaseballpassport\",\"storageBucket\":\"mybaseballpassport.firebasestorage.app\"}","GCLOUD_PROJECT":"mybaseballpassport","EVENTARC_CLOUD_EVENT_SOURCE":"projects/mybaseballpassport/locations/us-central1/services/deleteCheckin","FUNCTION_TARGET":"deleteCheckin","LOG_EXECUTION_ID":"true","FUNCTION_SIGNATURE_TYPE":"http"},"ingressSettings":"ALLOW_ALL","serviceAccountEmail":"171882071353-compute@developer.gserviceaccount.com","availableMemory":"256Mi","maxInstanceRequestConcurrency":80,"availableCpu":"1"},"labels":{"deployment-tool":"cli-firebase","deployment-callable":"true","firebase-functions-hash":"3988e49557b98ae60d9676881050bf6f447c5821"},"environment":"GEN_2"},"stages":[{"name":"BUILD","state":"NOT_STARTED"},{"name":"SERVICE","state":"NOT_STARTED"}],"sourceToken":"Cldwcm9qZWN0cy8xNzE4ODIwNzEzNTMvbG9jYXRpb25zL3VzLWNlbnRyYWwxL2J1aWxkcy9jYzdkYWNhMC1jNjI3LTRhODItOWY2NS0xYjJjNzliOWQwMGYSe3VzLWNlbnRyYWwxLWRvY2tlci5wa2cuZGV2L215YmFzZWJhbGxwYXNzcG9ydC9nY2YtYXJ0aWZhY3RzL215YmFzZWJhbGxwYXNzcG9ydF9fdXMtLWNlbnRyYWwxX19kZWxldGVfdXNlcl9hY2NvdW50OnZlcnNpb25fMRi5iuGngAUiTXByb2plY3RzL215YmFzZWJhbGxwYXNzcG9ydC9sb2NhdGlvbnMvdXMtY2VudHJhbDEvZnVuY3Rpb25zL2RlbGV0ZVVzZXJBY2NvdW50KgwI5p3RzQYQoObm2wIyCG5vZGVqczI0OnYKI2djci5pby9nYWUtcnVudGltZXMvbm9kZWpzMjQ6c3RhYmxlEk91cy1jZW50cmFsMS1kb2NrZXIucGtnLmRldi9zZXJ2ZXJsZXNzLXJ1bnRpbWVzL2dvb2dsZS0yNC1mdWxsL3J1bnRpbWVzL25vZGVqczI0QAE=","operationType":"CREATE_FUNCTION"},"done":false}
[debug] [2026-03-13T17:52:40.472Z] Got source token Cldwcm9qZWN0cy8xNzE4ODIwNzEzNTMvbG9jYXRpb25zL3VzLWNlbnRyYWwxL2J1aWxkcy9jYzdkYWNhMC1jNjI3LTRhODItOWY2NS0xYjJjNzliOWQwMGYSe3VzLWNlbnRyYWwxLWRvY2tlci5wa2cuZGV2L215YmFzZWJhbGxwYXNzcG9ydC9nY2YtYXJ0aWZhY3RzL215YmFzZWJhbGxwYXNzcG9ydF9fdXMtLWNlbnRyYWwxX19kZWxldGVfdXNlcl9hY2NvdW50OnZlcnNpb25fMRi5iuGngAUiTXByb2plY3RzL215YmFzZWJhbGxwYXNzcG9ydC9sb2NhdGlvbnMvdXMtY2VudHJhbDEvZnVuY3Rpb25zL2RlbGV0ZVVzZXJBY2NvdW50KgwI5p3RzQYQoObm2wIyCG5vZGVqczI0OnYKI2djci5pby9nYWUtcnVudGltZXMvbm9kZWpzMjQ6c3RhYmxlEk91cy1jZW50cmFsMS1kb2NrZXIucGtnLmRldi9zZXJ2ZXJsZXNzLXJ1bnRpbWVzL2dvb2dsZS0yNC1mdWxsL3J1bnRpbWVzL25vZGVqczI0QAE= for region us-central1
[debug] [2026-03-13T17:52:40.485Z] <<< [apiv2][status] GET https://cloudfunctions.googleapis.com/v2/projects/mybaseballpassport/locations/us-central1/operations/operation-1773424360100-64ceb890511bc-a6586c25-1d7bea62 200
[debug] [2026-03-13T17:52:40.485Z] <<< [apiv2][body] GET https://cloudfunctions.googleapis.com/v2/projects/mybaseballpassport/locations/us-central1/operations/operation-1773424360100-64ceb890511bc-a6586c25-1d7bea62 {"name":"projects/mybaseballpassport/locations/us-central1/operations/operation-1773424360100-64ceb890511bc-a6586c25-1d7bea62","metadata":{"@type":"type.googleapis.com/google.cloud.functions.v2.OperationMetadata","createTime":"2026-03-13T17:52:40.629101507Z","target":"projects/mybaseballpassport/locations/us-central1/functions/sendPushNotification","verb":"create","cancelRequested":false,"apiVersion":"v2","requestResource":{"@type":"type.googleapis.com/google.cloud.functions.v2.Function","name":"projects/mybaseballpassport/locations/us-central1/functions/sendPushNotification","buildConfig":{"runtime":"nodejs24","entryPoint":"sendPushNotification","source":{"storageSource":{"bucket":"gcf-v2-sources-171882071353-us-central1","object":"sendPushNotification/function-source.zip","generation":"1773424360326043"}},"environmentVariables":{"GOOGLE_NODE_RUN_SCRIPTS":""},"sourceToken":"Cldwcm9qZWN0cy8xNzE4ODIwNzEzNTMvbG9jYXRpb25zL3VzLWNlbnRyYWwxL2J1aWxkcy9jYzdkYWNhMC1jNjI3LTRhODItOWY2NS0xYjJjNzliOWQwMGYSe3VzLWNlbnRyYWwxLWRvY2tlci5wa2cuZGV2L215YmFzZWJhbGxwYXNzcG9ydC9nY2YtYXJ0aWZhY3RzL215YmFzZWJhbGxwYXNzcG9ydF9fdXMtLWNlbnRyYWwxX19kZWxldGVfdXNlcl9hY2NvdW50OnZlcnNpb25fMRi5iuGngAUiTXByb2plY3RzL215YmFzZWJhbGxwYXNzcG9ydC9sb2NhdGlvbnMvdXMtY2VudHJhbDEvZnVuY3Rpb25zL2RlbGV0ZVVzZXJBY2NvdW50KgwI5p3RzQYQoObm2wIyCG5vZGVqczI0OnYKI2djci5pby9nYWUtcnVudGltZXMvbm9kZWpzMjQ6c3RhYmxlEk91cy1jZW50cmFsMS1kb2NrZXIucGtnLmRldi9zZXJ2ZXJsZXNzLXJ1bnRpbWVzL2dvb2dsZS0yNC1mdWxsL3J1bnRpbWVzL25vZGVqczI0QAE=","serviceAccount":"projects/mybaseballpassport/serviceAccounts/171882071353-compute@developer.gserviceaccount.com","automaticUpdatePolicy":{}},"serviceConfig":{"service":"projects/mybaseballpassport/locations/us-central1/services/sendpushnotification","timeoutSeconds":60,"environmentVariables":{"FIREBASE_CONFIG":"{\"projectId\":\"mybaseballpassport\",\"storageBucket\":\"mybaseballpassport.firebasestorage.app\"}","GCLOUD_PROJECT":"mybaseballpassport","EVENTARC_CLOUD_EVENT_SOURCE":"projects/mybaseballpassport/locations/us-central1/services/sendPushNotification","FUNCTION_TARGET":"sendPushNotification","LOG_EXECUTION_ID":"true","FUNCTION_SIGNATURE_TYPE":"http"},"ingressSettings":"ALLOW_ALL","serviceAccountEmail":"171882071353-compute@developer.gserviceaccount.com","availableMemory":"256Mi","maxInstanceRequestConcurrency":80,"availableCpu":"1"},"labels":{"deployment-tool":"cli-firebase","deployment-callable":"true","firebase-functions-hash":"3988e49557b98ae60d9676881050bf6f447c5821"},"environment":"GEN_2"},"stages":[{"name":"BUILD","state":"NOT_STARTED"},{"name":"SERVICE","state":"NOT_STARTED"}],"sourceToken":"Cldwcm9qZWN0cy8xNzE4ODIwNzEzNTMvbG9jYXRpb25zL3VzLWNlbnRyYWwxL2J1aWxkcy9jYzdkYWNhMC1jNjI3LTRhODItOWY2NS0xYjJjNzliOWQwMGYSe3VzLWNlbnRyYWwxLWRvY2tlci5wa2cuZGV2L215YmFzZWJhbGxwYXNzcG9ydC9nY2YtYXJ0aWZhY3RzL215YmFzZWJhbGxwYXNzcG9ydF9fdXMtLWNlbnRyYWwxX19kZWxldGVfdXNlcl9hY2NvdW50OnZlcnNpb25fMRi5iuGngAUiTXByb2plY3RzL215YmFzZWJhbGxwYXNzcG9ydC9sb2NhdGlvbnMvdXMtY2VudHJhbDEvZnVuY3Rpb25zL2RlbGV0ZVVzZXJBY2NvdW50KgwI5p3RzQYQoObm2wIyCG5vZGVqczI0OnYKI2djci5pby9nYWUtcnVudGltZXMvbm9kZWpzMjQ6c3RhYmxlEk91cy1jZW50cmFsMS1kb2NrZXIucGtnLmRldi9zZXJ2ZXJsZXNzLXJ1bnRpbWVzL2dvb2dsZS0yNC1mdWxsL3J1bnRpbWVzL25vZGVqczI0QAE=","operationType":"CREATE_FUNCTION"},"done":false}
[debug] [2026-03-13T17:52:40.485Z] Got source token Cldwcm9qZWN0cy8xNzE4ODIwNzEzNTMvbG9jYXRpb25zL3VzLWNlbnRyYWwxL2J1aWxkcy9jYzdkYWNhMC1jNjI3LTRhODItOWY2NS0xYjJjNzliOWQwMGYSe3VzLWNlbnRyYWwxLWRvY2tlci5wa2cuZGV2L215YmFzZWJhbGxwYXNzcG9ydC9nY2YtYXJ0aWZhY3RzL215YmFzZWJhbGxwYXNzcG9ydF9fdXMtLWNlbnRyYWwxX19kZWxldGVfdXNlcl9hY2NvdW50OnZlcnNpb25fMRi5iuGngAUiTXByb2plY3RzL215YmFzZWJhbGxwYXNzcG9ydC9sb2NhdGlvbnMvdXMtY2VudHJhbDEvZnVuY3Rpb25zL2RlbGV0ZVVzZXJBY2NvdW50KgwI5p3RzQYQoObm2wIyCG5vZGVqczI0OnYKI2djci5pby9nYWUtcnVudGltZXMvbm9kZWpzMjQ6c3RhYmxlEk91cy1jZW50cmFsMS1kb2NrZXIucGtnLmRldi9zZXJ2ZXJsZXNzLXJ1bnRpbWVzL2dvb2dsZS0yNC1mdWxsL3J1bnRpbWVzL25vZGVqczI0QAE= for region us-central1
[debug] [2026-03-13T17:52:40.974Z] [create-default-us-central1-deleteCheckin] Retrying task index 0
[debug] [2026-03-13T17:52:40.974Z] Checked if tokens are valid: true, expires at: 1773427864234
[debug] [2026-03-13T17:52:40.975Z] Checked if tokens are valid: true, expires at: 1773427864234
[debug] [2026-03-13T17:52:40.975Z] >>> [apiv2][query] GET https://cloudfunctions.googleapis.com/v2/projects/mybaseballpassport/locations/us-central1/operations/operation-1773424360155-64ceb8905ea4b-c6ed2644-f652f274 [none]
[debug] [2026-03-13T17:52:40.989Z] [create-default-us-central1-sendPushNotification] Retrying task index 0
[debug] [2026-03-13T17:52:40.990Z] Checked if tokens are valid: true, expires at: 1773427864234
[debug] [2026-03-13T17:52:40.990Z] Checked if tokens are valid: true, expires at: 1773427864234
[debug] [2026-03-13T17:52:40.990Z] >>> [apiv2][query] GET https://cloudfunctions.googleapis.com/v2/projects/mybaseballpassport/locations/us-central1/operations/operation-1773424360100-64ceb890511bc-a6586c25-1d7bea62 [none]
[debug] [2026-03-13T17:52:41.057Z] <<< [apiv2][status] GET https://cloudfunctions.googleapis.com/v2/projects/mybaseballpassport/locations/us-central1/operations/operation-1773424360155-64ceb8905ea4b-c6ed2644-f652f274 200
[debug] [2026-03-13T17:52:41.057Z] <<< [apiv2][body] GET https://cloudfunctions.googleapis.com/v2/projects/mybaseballpassport/locations/us-central1/operations/operation-1773424360155-64ceb8905ea4b-c6ed2644-f652f274 {"name":"projects/mybaseballpassport/locations/us-central1/operations/operation-1773424360155-64ceb8905ea4b-c6ed2644-f652f274","metadata":{"@type":"type.googleapis.com/google.cloud.functions.v2.OperationMetadata","createTime":"2026-03-13T17:52:40.635424227Z","target":"projects/mybaseballpassport/locations/us-central1/functions/deleteCheckin","verb":"create","cancelRequested":false,"apiVersion":"v2","requestResource":{"@type":"type.googleapis.com/google.cloud.functions.v2.Function","name":"projects/mybaseballpassport/locations/us-central1/functions/deleteCheckin","buildConfig":{"runtime":"nodejs24","entryPoint":"deleteCheckin","source":{"storageSource":{"bucket":"gcf-v2-sources-171882071353-us-central1","object":"deleteCheckin/function-source.zip","generation":"1773424360395808"}},"environmentVariables":{"GOOGLE_NODE_RUN_SCRIPTS":""},"sourceToken":"Cldwcm9qZWN0cy8xNzE4ODIwNzEzNTMvbG9jYXRpb25zL3VzLWNlbnRyYWwxL2J1aWxkcy9jYzdkYWNhMC1jNjI3LTRhODItOWY2NS0xYjJjNzliOWQwMGYSe3VzLWNlbnRyYWwxLWRvY2tlci5wa2cuZGV2L215YmFzZWJhbGxwYXNzcG9ydC9nY2YtYXJ0aWZhY3RzL215YmFzZWJhbGxwYXNzcG9ydF9fdXMtLWNlbnRyYWwxX19kZWxldGVfdXNlcl9hY2NvdW50OnZlcnNpb25fMRi5iuGngAUiTXByb2plY3RzL215YmFzZWJhbGxwYXNzcG9ydC9sb2NhdGlvbnMvdXMtY2VudHJhbDEvZnVuY3Rpb25zL2RlbGV0ZVVzZXJBY2NvdW50KgwI5p3RzQYQoObm2wIyCG5vZGVqczI0OnYKI2djci5pby9nYWUtcnVudGltZXMvbm9kZWpzMjQ6c3RhYmxlEk91cy1jZW50cmFsMS1kb2NrZXIucGtnLmRldi9zZXJ2ZXJsZXNzLXJ1bnRpbWVzL2dvb2dsZS0yNC1mdWxsL3J1bnRpbWVzL25vZGVqczI0QAE=","serviceAccount":"projects/mybaseballpassport/serviceAccounts/171882071353-compute@developer.gserviceaccount.com","automaticUpdatePolicy":{}},"serviceConfig":{"service":"projects/mybaseballpassport/locations/us-central1/services/deletecheckin","timeoutSeconds":60,"environmentVariables":{"FIREBASE_CONFIG":"{\"projectId\":\"mybaseballpassport\",\"storageBucket\":\"mybaseballpassport.firebasestorage.app\"}","GCLOUD_PROJECT":"mybaseballpassport","EVENTARC_CLOUD_EVENT_SOURCE":"projects/mybaseballpassport/locations/us-central1/services/deleteCheckin","FUNCTION_TARGET":"deleteCheckin","LOG_EXECUTION_ID":"true","FUNCTION_SIGNATURE_TYPE":"http"},"ingressSettings":"ALLOW_ALL","serviceAccountEmail":"171882071353-compute@developer.gserviceaccount.com","availableMemory":"256Mi","maxInstanceRequestConcurrency":80,"availableCpu":"1"},"labels":{"deployment-tool":"cli-firebase","deployment-callable":"true","firebase-functions-hash":"3988e49557b98ae60d9676881050bf6f447c5821"},"environment":"GEN_2"},"stages":[{"name":"BUILD","message":"Reusing build","state":"COMPLETE","resource":"projects/171882071353/locations/us-central1/builds/cc7daca0-c627-4a82-9f65-1b2c79b9d00f"},{"name":"SERVICE","message":"Creating Cloud Run service","state":"IN_PROGRESS","resource":"projects/mybaseballpassport/locations/us-central1/services/deletecheckin","resourceUri":"https://console.cloud.google.com/run/detail/us-central1/deletecheckin?project=mybaseballpassport"}],"sourceToken":"Cldwcm9qZWN0cy8xNzE4ODIwNzEzNTMvbG9jYXRpb25zL3VzLWNlbnRyYWwxL2J1aWxkcy9jYzdkYWNhMC1jNjI3LTRhODItOWY2NS0xYjJjNzliOWQwMGYSe3VzLWNlbnRyYWwxLWRvY2tlci5wa2cuZGV2L215YmFzZWJhbGxwYXNzcG9ydC9nY2YtYXJ0aWZhY3RzL215YmFzZWJhbGxwYXNzcG9ydF9fdXMtLWNlbnRyYWwxX19kZWxldGVfdXNlcl9hY2NvdW50OnZlcnNpb25fMRi5iuGngAUiTXByb2plY3RzL215YmFzZWJhbGxwYXNzcG9ydC9sb2NhdGlvbnMvdXMtY2VudHJhbDEvZnVuY3Rpb25zL2RlbGV0ZVVzZXJBY2NvdW50KgwI5p3RzQYQoObm2wIyCG5vZGVqczI0OnYKI2djci5pby9nYWUtcnVudGltZXMvbm9kZWpzMjQ6c3RhYmxlEk91cy1jZW50cmFsMS1kb2NrZXIucGtnLmRldi9zZXJ2ZXJsZXNzLXJ1bnRpbWVzL2dvb2dsZS0yNC1mdWxsL3J1bnRpbWVzL25vZGVqczI0QAE=","operationType":"CREATE_FUNCTION","buildName":"projects/171882071353/locations/us-central1/builds/cc7daca0-c627-4a82-9f65-1b2c79b9d00f"},"done":false}
[debug] [2026-03-13T17:52:41.057Z] Got source token Cldwcm9qZWN0cy8xNzE4ODIwNzEzNTMvbG9jYXRpb25zL3VzLWNlbnRyYWwxL2J1aWxkcy9jYzdkYWNhMC1jNjI3LTRhODItOWY2NS0xYjJjNzliOWQwMGYSe3VzLWNlbnRyYWwxLWRvY2tlci5wa2cuZGV2L215YmFzZWJhbGxwYXNzcG9ydC9nY2YtYXJ0aWZhY3RzL215YmFzZWJhbGxwYXNzcG9ydF9fdXMtLWNlbnRyYWwxX19kZWxldGVfdXNlcl9hY2NvdW50OnZlcnNpb25fMRi5iuGngAUiTXByb2plY3RzL215YmFzZWJhbGxwYXNzcG9ydC9sb2NhdGlvbnMvdXMtY2VudHJhbDEvZnVuY3Rpb25zL2RlbGV0ZVVzZXJBY2NvdW50KgwI5p3RzQYQoObm2wIyCG5vZGVqczI0OnYKI2djci5pby9nYWUtcnVudGltZXMvbm9kZWpzMjQ6c3RhYmxlEk91cy1jZW50cmFsMS1kb2NrZXIucGtnLmRldi9zZXJ2ZXJsZXNzLXJ1bnRpbWVzL2dvb2dsZS0yNC1mdWxsL3J1bnRpbWVzL25vZGVqczI0QAE= for region us-central1
[debug] [2026-03-13T17:52:41.177Z] <<< [apiv2][status] GET https://cloudfunctions.googleapis.com/v2/projects/mybaseballpassport/locations/us-central1/operations/operation-1773424360100-64ceb890511bc-a6586c25-1d7bea62 200
[debug] [2026-03-13T17:52:41.178Z] <<< [apiv2][body] GET https://cloudfunctions.googleapis.com/v2/projects/mybaseballpassport/locations/us-central1/operations/operation-1773424360100-64ceb890511bc-a6586c25-1d7bea62 {"name":"projects/mybaseballpassport/locations/us-central1/operations/operation-1773424360100-64ceb890511bc-a6586c25-1d7bea62","metadata":{"@type":"type.googleapis.com/google.cloud.functions.v2.OperationMetadata","createTime":"2026-03-13T17:52:40.629101507Z","target":"projects/mybaseballpassport/locations/us-central1/functions/sendPushNotification","verb":"create","cancelRequested":false,"apiVersion":"v2","requestResource":{"@type":"type.googleapis.com/google.cloud.functions.v2.Function","name":"projects/mybaseballpassport/locations/us-central1/functions/sendPushNotification","buildConfig":{"runtime":"nodejs24","entryPoint":"sendPushNotification","source":{"storageSource":{"bucket":"gcf-v2-sources-171882071353-us-central1","object":"sendPushNotification/function-source.zip","generation":"1773424360326043"}},"environmentVariables":{"GOOGLE_NODE_RUN_SCRIPTS":""},"sourceToken":"Cldwcm9qZWN0cy8xNzE4ODIwNzEzNTMvbG9jYXRpb25zL3VzLWNlbnRyYWwxL2J1aWxkcy9jYzdkYWNhMC1jNjI3LTRhODItOWY2NS0xYjJjNzliOWQwMGYSe3VzLWNlbnRyYWwxLWRvY2tlci5wa2cuZGV2L215YmFzZWJhbGxwYXNzcG9ydC9nY2YtYXJ0aWZhY3RzL215YmFzZWJhbGxwYXNzcG9ydF9fdXMtLWNlbnRyYWwxX19kZWxldGVfdXNlcl9hY2NvdW50OnZlcnNpb25fMRi5iuGngAUiTXByb2plY3RzL215YmFzZWJhbGxwYXNzcG9ydC9sb2NhdGlvbnMvdXMtY2VudHJhbDEvZnVuY3Rpb25zL2RlbGV0ZVVzZXJBY2NvdW50KgwI5p3RzQYQoObm2wIyCG5vZGVqczI0OnYKI2djci5pby9nYWUtcnVudGltZXMvbm9kZWpzMjQ6c3RhYmxlEk91cy1jZW50cmFsMS1kb2NrZXIucGtnLmRldi9zZXJ2ZXJsZXNzLXJ1bnRpbWVzL2dvb2dsZS0yNC1mdWxsL3J1bnRpbWVzL25vZGVqczI0QAE=","serviceAccount":"projects/mybaseballpassport/serviceAccounts/171882071353-compute@developer.gserviceaccount.com","automaticUpdatePolicy":{}},"serviceConfig":{"service":"projects/mybaseballpassport/locations/us-central1/services/sendpushnotification","timeoutSeconds":60,"environmentVariables":{"FIREBASE_CONFIG":"{\"projectId\":\"mybaseballpassport\",\"storageBucket\":\"mybaseballpassport.firebasestorage.app\"}","GCLOUD_PROJECT":"mybaseballpassport","EVENTARC_CLOUD_EVENT_SOURCE":"projects/mybaseballpassport/locations/us-central1/services/sendPushNotification","FUNCTION_TARGET":"sendPushNotification","LOG_EXECUTION_ID":"true","FUNCTION_SIGNATURE_TYPE":"http"},"ingressSettings":"ALLOW_ALL","serviceAccountEmail":"171882071353-compute@developer.gserviceaccount.com","availableMemory":"256Mi","maxInstanceRequestConcurrency":80,"availableCpu":"1"},"labels":{"deployment-tool":"cli-firebase","deployment-callable":"true","firebase-functions-hash":"3988e49557b98ae60d9676881050bf6f447c5821"},"environment":"GEN_2"},"stages":[{"name":"BUILD","message":"Reusing build","state":"COMPLETE","resource":"projects/171882071353/locations/us-central1/builds/cc7daca0-c627-4a82-9f65-1b2c79b9d00f"},{"name":"SERVICE","message":"Creating Cloud Run service","state":"IN_PROGRESS","resource":"projects/mybaseballpassport/locations/us-central1/services/sendpushnotification","resourceUri":"https://console.cloud.google.com/run/detail/us-central1/sendpushnotification?project=mybaseballpassport"}],"sourceToken":"Cldwcm9qZWN0cy8xNzE4ODIwNzEzNTMvbG9jYXRpb25zL3VzLWNlbnRyYWwxL2J1aWxkcy9jYzdkYWNhMC1jNjI3LTRhODItOWY2NS0xYjJjNzliOWQwMGYSe3VzLWNlbnRyYWwxLWRvY2tlci5wa2cuZGV2L215YmFzZWJhbGxwYXNzcG9ydC9nY2YtYXJ0aWZhY3RzL215YmFzZWJhbGxwYXNzcG9ydF9fdXMtLWNlbnRyYWwxX19kZWxldGVfdXNlcl9hY2NvdW50OnZlcnNpb25fMRi5iuGngAUiTXByb2plY3RzL215YmFzZWJhbGxwYXNzcG9ydC9sb2NhdGlvbnMvdXMtY2VudHJhbDEvZnVuY3Rpb25zL2RlbGV0ZVVzZXJBY2NvdW50KgwI5p3RzQYQoObm2wIyCG5vZGVqczI0OnYKI2djci5pby9nYWUtcnVudGltZXMvbm9kZWpzMjQ6c3RhYmxlEk91cy1jZW50cmFsMS1kb2NrZXIucGtnLmRldi9zZXJ2ZXJsZXNzLXJ1bnRpbWVzL2dvb2dsZS0yNC1mdWxsL3J1bnRpbWVzL25vZGVqczI0QAE=","operationType":"CREATE_FUNCTION","buildName":"projects/171882071353/locations/us-central1/builds/cc7daca0-c627-4a82-9f65-1b2c79b9d00f"},"done":false}
[debug] [2026-03-13T17:52:41.178Z] Got source token Cldwcm9qZWN0cy8xNzE4ODIwNzEzNTMvbG9jYXRpb25zL3VzLWNlbnRyYWwxL2J1aWxkcy9jYzdkYWNhMC1jNjI3LTRhODItOWY2NS0xYjJjNzliOWQwMGYSe3VzLWNlbnRyYWwxLWRvY2tlci5wa2cuZGV2L215YmFzZWJhbGxwYXNzcG9ydC9nY2YtYXJ0aWZhY3RzL215YmFzZWJhbGxwYXNzcG9ydF9fdXMtLWNlbnRyYWwxX19kZWxldGVfdXNlcl9hY2NvdW50OnZlcnNpb25fMRi5iuGngAUiTXByb2plY3RzL215YmFzZWJhbGxwYXNzcG9ydC9sb2NhdGlvbnMvdXMtY2VudHJhbDEvZnVuY3Rpb25zL2RlbGV0ZVVzZXJBY2NvdW50KgwI5p3RzQYQoObm2wIyCG5vZGVqczI0OnYKI2djci5pby9nYWUtcnVudGltZXMvbm9kZWpzMjQ6c3RhYmxlEk91cy1jZW50cmFsMS1kb2NrZXIucGtnLmRldi9zZXJ2ZXJsZXNzLXJ1bnRpbWVzL2dvb2dsZS0yNC1mdWxsL3J1bnRpbWVzL25vZGVqczI0QAE= for region us-central1
[debug] [2026-03-13T17:52:42.070Z] [create-default-us-central1-deleteCheckin] Retrying task index 0
[debug] [2026-03-13T17:52:42.071Z] Checked if tokens are valid: true, expires at: 1773427864234
[debug] [2026-03-13T17:52:42.071Z] Checked if tokens are valid: true, expires at: 1773427864234
[debug] [2026-03-13T17:52:42.071Z] >>> [apiv2][query] GET https://cloudfunctions.googleapis.com/v2/projects/mybaseballpassport/locations/us-central1/operations/operation-1773424360155-64ceb8905ea4b-c6ed2644-f652f274 [none]
[debug] [2026-03-13T17:52:42.189Z] [create-default-us-central1-sendPushNotification] Retrying task index 0
[debug] [2026-03-13T17:52:42.190Z] Checked if tokens are valid: true, expires at: 1773427864234
[debug] [2026-03-13T17:52:42.190Z] Checked if tokens are valid: true, expires at: 1773427864234
[debug] [2026-03-13T17:52:42.190Z] >>> [apiv2][query] GET https://cloudfunctions.googleapis.com/v2/projects/mybaseballpassport/locations/us-central1/operations/operation-1773424360100-64ceb890511bc-a6586c25-1d7bea62 [none]
[debug] [2026-03-13T17:52:42.292Z] <<< [apiv2][status] GET https://cloudfunctions.googleapis.com/v2/projects/mybaseballpassport/locations/us-central1/operations/operation-1773424360155-64ceb8905ea4b-c6ed2644-f652f274 200
[debug] [2026-03-13T17:52:42.292Z] <<< [apiv2][body] GET https://cloudfunctions.googleapis.com/v2/projects/mybaseballpassport/locations/us-central1/operations/operation-1773424360155-64ceb8905ea4b-c6ed2644-f652f274 {"name":"projects/mybaseballpassport/locations/us-central1/operations/operation-1773424360155-64ceb8905ea4b-c6ed2644-f652f274","metadata":{"@type":"type.googleapis.com/google.cloud.functions.v2.OperationMetadata","createTime":"2026-03-13T17:52:40.635424227Z","target":"projects/mybaseballpassport/locations/us-central1/functions/deleteCheckin","verb":"create","cancelRequested":false,"apiVersion":"v2","requestResource":{"@type":"type.googleapis.com/google.cloud.functions.v2.Function","name":"projects/mybaseballpassport/locations/us-central1/functions/deleteCheckin","buildConfig":{"runtime":"nodejs24","entryPoint":"deleteCheckin","source":{"storageSource":{"bucket":"gcf-v2-sources-171882071353-us-central1","object":"deleteCheckin/function-source.zip","generation":"1773424360395808"}},"environmentVariables":{"GOOGLE_NODE_RUN_SCRIPTS":""},"sourceToken":"Cldwcm9qZWN0cy8xNzE4ODIwNzEzNTMvbG9jYXRpb25zL3VzLWNlbnRyYWwxL2J1aWxkcy9jYzdkYWNhMC1jNjI3LTRhODItOWY2NS0xYjJjNzliOWQwMGYSe3VzLWNlbnRyYWwxLWRvY2tlci5wa2cuZGV2L215YmFzZWJhbGxwYXNzcG9ydC9nY2YtYXJ0aWZhY3RzL215YmFzZWJhbGxwYXNzcG9ydF9fdXMtLWNlbnRyYWwxX19kZWxldGVfdXNlcl9hY2NvdW50OnZlcnNpb25fMRi5iuGngAUiTXByb2plY3RzL215YmFzZWJhbGxwYXNzcG9ydC9sb2NhdGlvbnMvdXMtY2VudHJhbDEvZnVuY3Rpb25zL2RlbGV0ZVVzZXJBY2NvdW50KgwI5p3RzQYQoObm2wIyCG5vZGVqczI0OnYKI2djci5pby9nYWUtcnVudGltZXMvbm9kZWpzMjQ6c3RhYmxlEk91cy1jZW50cmFsMS1kb2NrZXIucGtnLmRldi9zZXJ2ZXJsZXNzLXJ1bnRpbWVzL2dvb2dsZS0yNC1mdWxsL3J1bnRpbWVzL25vZGVqczI0QAE=","serviceAccount":"projects/mybaseballpassport/serviceAccounts/171882071353-compute@developer.gserviceaccount.com","automaticUpdatePolicy":{}},"serviceConfig":{"service":"projects/mybaseballpassport/locations/us-central1/services/deletecheckin","timeoutSeconds":60,"environmentVariables":{"FIREBASE_CONFIG":"{\"projectId\":\"mybaseballpassport\",\"storageBucket\":\"mybaseballpassport.firebasestorage.app\"}","GCLOUD_PROJECT":"mybaseballpassport","EVENTARC_CLOUD_EVENT_SOURCE":"projects/mybaseballpassport/locations/us-central1/services/deleteCheckin","FUNCTION_TARGET":"deleteCheckin","LOG_EXECUTION_ID":"true","FUNCTION_SIGNATURE_TYPE":"http"},"ingressSettings":"ALLOW_ALL","serviceAccountEmail":"171882071353-compute@developer.gserviceaccount.com","availableMemory":"256Mi","maxInstanceRequestConcurrency":80,"availableCpu":"1"},"labels":{"deployment-tool":"cli-firebase","deployment-callable":"true","firebase-functions-hash":"3988e49557b98ae60d9676881050bf6f447c5821"},"environment":"GEN_2"},"stages":[{"name":"BUILD","message":"Reusing build","state":"COMPLETE","resource":"projects/171882071353/locations/us-central1/builds/cc7daca0-c627-4a82-9f65-1b2c79b9d00f"},{"name":"SERVICE","message":"Creating Cloud Run service","state":"IN_PROGRESS","resource":"projects/mybaseballpassport/locations/us-central1/services/deletecheckin","resourceUri":"https://console.cloud.google.com/run/detail/us-central1/deletecheckin?project=mybaseballpassport"}],"sourceToken":"Cldwcm9qZWN0cy8xNzE4ODIwNzEzNTMvbG9jYXRpb25zL3VzLWNlbnRyYWwxL2J1aWxkcy9jYzdkYWNhMC1jNjI3LTRhODItOWY2NS0xYjJjNzliOWQwMGYSe3VzLWNlbnRyYWwxLWRvY2tlci5wa2cuZGV2L215YmFzZWJhbGxwYXNzcG9ydC9nY2YtYXJ0aWZhY3RzL215YmFzZWJhbGxwYXNzcG9ydF9fdXMtLWNlbnRyYWwxX19kZWxldGVfdXNlcl9hY2NvdW50OnZlcnNpb25fMRi5iuGngAUiTXByb2plY3RzL215YmFzZWJhbGxwYXNzcG9ydC9sb2NhdGlvbnMvdXMtY2VudHJhbDEvZnVuY3Rpb25zL2RlbGV0ZVVzZXJBY2NvdW50KgwI5p3RzQYQoObm2wIyCG5vZGVqczI0OnYKI2djci5pby9nYWUtcnVudGltZXMvbm9kZWpzMjQ6c3RhYmxlEk91cy1jZW50cmFsMS1kb2NrZXIucGtnLmRldi9zZXJ2ZXJsZXNzLXJ1bnRpbWVzL2dvb2dsZS0yNC1mdWxsL3J1bnRpbWVzL25vZGVqczI0QAE=","operationType":"CREATE_FUNCTION","buildName":"projects/171882071353/locations/us-central1/builds/cc7daca0-c627-4a82-9f65-1b2c79b9d00f"},"done":false}
[debug] [2026-03-13T17:52:42.292Z] Got source token Cldwcm9qZWN0cy8xNzE4ODIwNzEzNTMvbG9jYXRpb25zL3VzLWNlbnRyYWwxL2J1aWxkcy9jYzdkYWNhMC1jNjI3LTRhODItOWY2NS0xYjJjNzliOWQwMGYSe3VzLWNlbnRyYWwxLWRvY2tlci5wa2cuZGV2L215YmFzZWJhbGxwYXNzcG9ydC9nY2YtYXJ0aWZhY3RzL215YmFzZWJhbGxwYXNzcG9ydF9fdXMtLWNlbnRyYWwxX19kZWxldGVfdXNlcl9hY2NvdW50OnZlcnNpb25fMRi5iuGngAUiTXByb2plY3RzL215YmFzZWJhbGxwYXNzcG9ydC9sb2NhdGlvbnMvdXMtY2VudHJhbDEvZnVuY3Rpb25zL2RlbGV0ZVVzZXJBY2NvdW50KgwI5p3RzQYQoObm2wIyCG5vZGVqczI0OnYKI2djci5pby9nYWUtcnVudGltZXMvbm9kZWpzMjQ6c3RhYmxlEk91cy1jZW50cmFsMS1kb2NrZXIucGtnLmRldi9zZXJ2ZXJsZXNzLXJ1bnRpbWVzL2dvb2dsZS0yNC1mdWxsL3J1bnRpbWVzL25vZGVqczI0QAE= for region us-central1
[debug] [2026-03-13T17:52:42.427Z] <<< [apiv2][status] GET https://cloudfunctions.googleapis.com/v2/projects/mybaseballpassport/locations/us-central1/operations/operation-1773424360100-64ceb890511bc-a6586c25-1d7bea62 200
[debug] [2026-03-13T17:52:42.427Z] <<< [apiv2][body] GET https://cloudfunctions.googleapis.com/v2/projects/mybaseballpassport/locations/us-central1/operations/operation-1773424360100-64ceb890511bc-a6586c25-1d7bea62 {"name":"projects/mybaseballpassport/locations/us-central1/operations/operation-1773424360100-64ceb890511bc-a6586c25-1d7bea62","metadata":{"@type":"type.googleapis.com/google.cloud.functions.v2.OperationMetadata","createTime":"2026-03-13T17:52:40.629101507Z","target":"projects/mybaseballpassport/locations/us-central1/functions/sendPushNotification","verb":"create","cancelRequested":false,"apiVersion":"v2","requestResource":{"@type":"type.googleapis.com/google.cloud.functions.v2.Function","name":"projects/mybaseballpassport/locations/us-central1/functions/sendPushNotification","buildConfig":{"runtime":"nodejs24","entryPoint":"sendPushNotification","source":{"storageSource":{"bucket":"gcf-v2-sources-171882071353-us-central1","object":"sendPushNotification/function-source.zip","generation":"1773424360326043"}},"environmentVariables":{"GOOGLE_NODE_RUN_SCRIPTS":""},"sourceToken":"Cldwcm9qZWN0cy8xNzE4ODIwNzEzNTMvbG9jYXRpb25zL3VzLWNlbnRyYWwxL2J1aWxkcy9jYzdkYWNhMC1jNjI3LTRhODItOWY2NS0xYjJjNzliOWQwMGYSe3VzLWNlbnRyYWwxLWRvY2tlci5wa2cuZGV2L215YmFzZWJhbGxwYXNzcG9ydC9nY2YtYXJ0aWZhY3RzL215YmFzZWJhbGxwYXNzcG9ydF9fdXMtLWNlbnRyYWwxX19kZWxldGVfdXNlcl9hY2NvdW50OnZlcnNpb25fMRi5iuGngAUiTXByb2plY3RzL215YmFzZWJhbGxwYXNzcG9ydC9sb2NhdGlvbnMvdXMtY2VudHJhbDEvZnVuY3Rpb25zL2RlbGV0ZVVzZXJBY2NvdW50KgwI5p3RzQYQoObm2wIyCG5vZGVqczI0OnYKI2djci5pby9nYWUtcnVudGltZXMvbm9kZWpzMjQ6c3RhYmxlEk91cy1jZW50cmFsMS1kb2NrZXIucGtnLmRldi9zZXJ2ZXJsZXNzLXJ1bnRpbWVzL2dvb2dsZS0yNC1mdWxsL3J1bnRpbWVzL25vZGVqczI0QAE=","serviceAccount":"projects/mybaseballpassport/serviceAccounts/171882071353-compute@developer.gserviceaccount.com","automaticUpdatePolicy":{}},"serviceConfig":{"service":"projects/mybaseballpassport/locations/us-central1/services/sendpushnotification","timeoutSeconds":60,"environmentVariables":{"FIREBASE_CONFIG":"{\"projectId\":\"mybaseballpassport\",\"storageBucket\":\"mybaseballpassport.firebasestorage.app\"}","GCLOUD_PROJECT":"mybaseballpassport","EVENTARC_CLOUD_EVENT_SOURCE":"projects/mybaseballpassport/locations/us-central1/services/sendPushNotification","FUNCTION_TARGET":"sendPushNotification","LOG_EXECUTION_ID":"true","FUNCTION_SIGNATURE_TYPE":"http"},"ingressSettings":"ALLOW_ALL","serviceAccountEmail":"171882071353-compute@developer.gserviceaccount.com","availableMemory":"256Mi","maxInstanceRequestConcurrency":80,"availableCpu":"1"},"labels":{"deployment-tool":"cli-firebase","deployment-callable":"true","firebase-functions-hash":"3988e49557b98ae60d9676881050bf6f447c5821"},"environment":"GEN_2"},"stages":[{"name":"BUILD","message":"Reusing build","state":"COMPLETE","resource":"projects/171882071353/locations/us-central1/builds/cc7daca0-c627-4a82-9f65-1b2c79b9d00f"},{"name":"SERVICE","message":"Creating Cloud Run service","state":"IN_PROGRESS","resource":"projects/mybaseballpassport/locations/us-central1/services/sendpushnotification","resourceUri":"https://console.cloud.google.com/run/detail/us-central1/sendpushnotification?project=mybaseballpassport"}],"sourceToken":"Cldwcm9qZWN0cy8xNzE4ODIwNzEzNTMvbG9jYXRpb25zL3VzLWNlbnRyYWwxL2J1aWxkcy9jYzdkYWNhMC1jNjI3LTRhODItOWY2NS0xYjJjNzliOWQwMGYSe3VzLWNlbnRyYWwxLWRvY2tlci5wa2cuZGV2L215YmFzZWJhbGxwYXNzcG9ydC9nY2YtYXJ0aWZhY3RzL215YmFzZWJhbGxwYXNzcG9ydF9fdXMtLWNlbnRyYWwxX19kZWxldGVfdXNlcl9hY2NvdW50OnZlcnNpb25fMRi5iuGngAUiTXByb2plY3RzL215YmFzZWJhbGxwYXNzcG9ydC9sb2NhdGlvbnMvdXMtY2VudHJhbDEvZnVuY3Rpb25zL2RlbGV0ZVVzZXJBY2NvdW50KgwI5p3RzQYQoObm2wIyCG5vZGVqczI0OnYKI2djci5pby9nYWUtcnVudGltZXMvbm9kZWpzMjQ6c3RhYmxlEk91cy1jZW50cmFsMS1kb2NrZXIucGtnLmRldi9zZXJ2ZXJsZXNzLXJ1bnRpbWVzL2dvb2dsZS0yNC1mdWxsL3J1bnRpbWVzL25vZGVqczI0QAE=","operationType":"CREATE_FUNCTION","buildName":"projects/171882071353/locations/us-central1/builds/cc7daca0-c627-4a82-9f65-1b2c79b9d00f"},"done":false}
[debug] [2026-03-13T17:52:42.428Z] Got source token Cldwcm9qZWN0cy8xNzE4ODIwNzEzNTMvbG9jYXRpb25zL3VzLWNlbnRyYWwxL2J1aWxkcy9jYzdkYWNhMC1jNjI3LTRhODItOWY2NS0xYjJjNzliOWQwMGYSe3VzLWNlbnRyYWwxLWRvY2tlci5wa2cuZGV2L215YmFzZWJhbGxwYXNzcG9ydC9nY2YtYXJ0aWZhY3RzL215YmFzZWJhbGxwYXNzcG9ydF9fdXMtLWNlbnRyYWwxX19kZWxldGVfdXNlcl9hY2NvdW50OnZlcnNpb25fMRi5iuGngAUiTXByb2plY3RzL215YmFzZWJhbGxwYXNzcG9ydC9sb2NhdGlvbnMvdXMtY2VudHJhbDEvZnVuY3Rpb25zL2RlbGV0ZVVzZXJBY2NvdW50KgwI5p3RzQYQoObm2wIyCG5vZGVqczI0OnYKI2djci5pby9nYWUtcnVudGltZXMvbm9kZWpzMjQ6c3RhYmxlEk91cy1jZW50cmFsMS1kb2NrZXIucGtnLmRldi9zZXJ2ZXJsZXNzLXJ1bnRpbWVzL2dvb2dsZS0yNC1mdWxsL3J1bnRpbWVzL25vZGVqczI0QAE= for region us-central1
[debug] [2026-03-13T17:52:44.303Z] [create-default-us-central1-deleteCheckin] Retrying task index 0
[debug] [2026-03-13T17:52:44.304Z] Checked if tokens are valid: true, expires at: 1773427864234
[debug] [2026-03-13T17:52:44.304Z] Checked if tokens are valid: true, expires at: 1773427864234
[debug] [2026-03-13T17:52:44.304Z] >>> [apiv2][query] GET https://cloudfunctions.googleapis.com/v2/projects/mybaseballpassport/locations/us-central1/operations/operation-1773424360155-64ceb8905ea4b-c6ed2644-f652f274 [none]
[debug] [2026-03-13T17:52:44.436Z] [create-default-us-central1-sendPushNotification] Retrying task index 0
[debug] [2026-03-13T17:52:44.436Z] Checked if tokens are valid: true, expires at: 1773427864234
[debug] [2026-03-13T17:52:44.436Z] Checked if tokens are valid: true, expires at: 1773427864234
[debug] [2026-03-13T17:52:44.436Z] >>> [apiv2][query] GET https://cloudfunctions.googleapis.com/v2/projects/mybaseballpassport/locations/us-central1/operations/operation-1773424360100-64ceb890511bc-a6586c25-1d7bea62 [none]
[debug] [2026-03-13T17:52:44.543Z] <<< [apiv2][status] GET https://cloudfunctions.googleapis.com/v2/projects/mybaseballpassport/locations/us-central1/operations/operation-1773424360155-64ceb8905ea4b-c6ed2644-f652f274 200
[debug] [2026-03-13T17:52:44.543Z] <<< [apiv2][body] GET https://cloudfunctions.googleapis.com/v2/projects/mybaseballpassport/locations/us-central1/operations/operation-1773424360155-64ceb8905ea4b-c6ed2644-f652f274 {"name":"projects/mybaseballpassport/locations/us-central1/operations/operation-1773424360155-64ceb8905ea4b-c6ed2644-f652f274","metadata":{"@type":"type.googleapis.com/google.cloud.functions.v2.OperationMetadata","createTime":"2026-03-13T17:52:40.635424227Z","target":"projects/mybaseballpassport/locations/us-central1/functions/deleteCheckin","verb":"create","cancelRequested":false,"apiVersion":"v2","requestResource":{"@type":"type.googleapis.com/google.cloud.functions.v2.Function","name":"projects/mybaseballpassport/locations/us-central1/functions/deleteCheckin","buildConfig":{"runtime":"nodejs24","entryPoint":"deleteCheckin","source":{"storageSource":{"bucket":"gcf-v2-sources-171882071353-us-central1","object":"deleteCheckin/function-source.zip","generation":"1773424360395808"}},"environmentVariables":{"GOOGLE_NODE_RUN_SCRIPTS":""},"sourceToken":"Cldwcm9qZWN0cy8xNzE4ODIwNzEzNTMvbG9jYXRpb25zL3VzLWNlbnRyYWwxL2J1aWxkcy9jYzdkYWNhMC1jNjI3LTRhODItOWY2NS0xYjJjNzliOWQwMGYSe3VzLWNlbnRyYWwxLWRvY2tlci5wa2cuZGV2L215YmFzZWJhbGxwYXNzcG9ydC9nY2YtYXJ0aWZhY3RzL215YmFzZWJhbGxwYXNzcG9ydF9fdXMtLWNlbnRyYWwxX19kZWxldGVfdXNlcl9hY2NvdW50OnZlcnNpb25fMRi5iuGngAUiTXByb2plY3RzL215YmFzZWJhbGxwYXNzcG9ydC9sb2NhdGlvbnMvdXMtY2VudHJhbDEvZnVuY3Rpb25zL2RlbGV0ZVVzZXJBY2NvdW50KgwI5p3RzQYQoObm2wIyCG5vZGVqczI0OnYKI2djci5pby9nYWUtcnVudGltZXMvbm9kZWpzMjQ6c3RhYmxlEk91cy1jZW50cmFsMS1kb2NrZXIucGtnLmRldi9zZXJ2ZXJsZXNzLXJ1bnRpbWVzL2dvb2dsZS0yNC1mdWxsL3J1bnRpbWVzL25vZGVqczI0QAE=","serviceAccount":"projects/mybaseballpassport/serviceAccounts/171882071353-compute@developer.gserviceaccount.com","automaticUpdatePolicy":{}},"serviceConfig":{"service":"projects/mybaseballpassport/locations/us-central1/services/deletecheckin","timeoutSeconds":60,"environmentVariables":{"FIREBASE_CONFIG":"{\"projectId\":\"mybaseballpassport\",\"storageBucket\":\"mybaseballpassport.firebasestorage.app\"}","GCLOUD_PROJECT":"mybaseballpassport","EVENTARC_CLOUD_EVENT_SOURCE":"projects/mybaseballpassport/locations/us-central1/services/deleteCheckin","FUNCTION_TARGET":"deleteCheckin","LOG_EXECUTION_ID":"true","FUNCTION_SIGNATURE_TYPE":"http"},"ingressSettings":"ALLOW_ALL","serviceAccountEmail":"171882071353-compute@developer.gserviceaccount.com","availableMemory":"256Mi","maxInstanceRequestConcurrency":80,"availableCpu":"1"},"labels":{"deployment-tool":"cli-firebase","deployment-callable":"true","firebase-functions-hash":"3988e49557b98ae60d9676881050bf6f447c5821"},"environment":"GEN_2"},"stages":[{"name":"BUILD","message":"Reusing build","state":"COMPLETE","resource":"projects/171882071353/locations/us-central1/builds/cc7daca0-c627-4a82-9f65-1b2c79b9d00f"},{"name":"SERVICE","message":"Creating Cloud Run service","state":"IN_PROGRESS","resource":"projects/mybaseballpassport/locations/us-central1/services/deletecheckin","resourceUri":"https://console.cloud.google.com/run/detail/us-central1/deletecheckin?project=mybaseballpassport"}],"sourceToken":"Cldwcm9qZWN0cy8xNzE4ODIwNzEzNTMvbG9jYXRpb25zL3VzLWNlbnRyYWwxL2J1aWxkcy9jYzdkYWNhMC1jNjI3LTRhODItOWY2NS0xYjJjNzliOWQwMGYSe3VzLWNlbnRyYWwxLWRvY2tlci5wa2cuZGV2L215YmFzZWJhbGxwYXNzcG9ydC9nY2YtYXJ0aWZhY3RzL215YmFzZWJhbGxwYXNzcG9ydF9fdXMtLWNlbnRyYWwxX19kZWxldGVfdXNlcl9hY2NvdW50OnZlcnNpb25fMRi5iuGngAUiTXByb2plY3RzL215YmFzZWJhbGxwYXNzcG9ydC9sb2NhdGlvbnMvdXMtY2VudHJhbDEvZnVuY3Rpb25zL2RlbGV0ZVVzZXJBY2NvdW50KgwI5p3RzQYQoObm2wIyCG5vZGVqczI0OnYKI2djci5pby9nYWUtcnVudGltZXMvbm9kZWpzMjQ6c3RhYmxlEk91cy1jZW50cmFsMS1kb2NrZXIucGtnLmRldi9zZXJ2ZXJsZXNzLXJ1bnRpbWVzL2dvb2dsZS0yNC1mdWxsL3J1bnRpbWVzL25vZGVqczI0QAE=","operationType":"CREATE_FUNCTION","buildName":"projects/171882071353/locations/us-central1/builds/cc7daca0-c627-4a82-9f65-1b2c79b9d00f"},"done":false}
[debug] [2026-03-13T17:52:44.543Z] Got source token Cldwcm9qZWN0cy8xNzE4ODIwNzEzNTMvbG9jYXRpb25zL3VzLWNlbnRyYWwxL2J1aWxkcy9jYzdkYWNhMC1jNjI3LTRhODItOWY2NS0xYjJjNzliOWQwMGYSe3VzLWNlbnRyYWwxLWRvY2tlci5wa2cuZGV2L215YmFzZWJhbGxwYXNzcG9ydC9nY2YtYXJ0aWZhY3RzL215YmFzZWJhbGxwYXNzcG9ydF9fdXMtLWNlbnRyYWwxX19kZWxldGVfdXNlcl9hY2NvdW50OnZlcnNpb25fMRi5iuGngAUiTXByb2plY3RzL215YmFzZWJhbGxwYXNzcG9ydC9sb2NhdGlvbnMvdXMtY2VudHJhbDEvZnVuY3Rpb25zL2RlbGV0ZVVzZXJBY2NvdW50KgwI5p3RzQYQoObm2wIyCG5vZGVqczI0OnYKI2djci5pby9nYWUtcnVudGltZXMvbm9kZWpzMjQ6c3RhYmxlEk91cy1jZW50cmFsMS1kb2NrZXIucGtnLmRldi9zZXJ2ZXJsZXNzLXJ1bnRpbWVzL2dvb2dsZS0yNC1mdWxsL3J1bnRpbWVzL25vZGVqczI0QAE= for region us-central1
[debug] [2026-03-13T17:52:44.870Z] <<< [apiv2][status] GET https://cloudfunctions.googleapis.com/v2/projects/mybaseballpassport/locations/us-central1/operations/operation-1773424360100-64ceb890511bc-a6586c25-1d7bea62 200
[debug] [2026-03-13T17:52:44.870Z] <<< [apiv2][body] GET https://cloudfunctions.googleapis.com/v2/projects/mybaseballpassport/locations/us-central1/operations/operation-1773424360100-64ceb890511bc-a6586c25-1d7bea62 {"name":"projects/mybaseballpassport/locations/us-central1/operations/operation-1773424360100-64ceb890511bc-a6586c25-1d7bea62","metadata":{"@type":"type.googleapis.com/google.cloud.functions.v2.OperationMetadata","createTime":"2026-03-13T17:52:40.629101507Z","target":"projects/mybaseballpassport/locations/us-central1/functions/sendPushNotification","verb":"create","cancelRequested":false,"apiVersion":"v2","requestResource":{"@type":"type.googleapis.com/google.cloud.functions.v2.Function","name":"projects/mybaseballpassport/locations/us-central1/functions/sendPushNotification","buildConfig":{"runtime":"nodejs24","entryPoint":"sendPushNotification","source":{"storageSource":{"bucket":"gcf-v2-sources-171882071353-us-central1","object":"sendPushNotification/function-source.zip","generation":"1773424360326043"}},"environmentVariables":{"GOOGLE_NODE_RUN_SCRIPTS":""},"sourceToken":"Cldwcm9qZWN0cy8xNzE4ODIwNzEzNTMvbG9jYXRpb25zL3VzLWNlbnRyYWwxL2J1aWxkcy9jYzdkYWNhMC1jNjI3LTRhODItOWY2NS0xYjJjNzliOWQwMGYSe3VzLWNlbnRyYWwxLWRvY2tlci5wa2cuZGV2L215YmFzZWJhbGxwYXNzcG9ydC9nY2YtYXJ0aWZhY3RzL215YmFzZWJhbGxwYXNzcG9ydF9fdXMtLWNlbnRyYWwxX19kZWxldGVfdXNlcl9hY2NvdW50OnZlcnNpb25fMRi5iuGngAUiTXByb2plY3RzL215YmFzZWJhbGxwYXNzcG9ydC9sb2NhdGlvbnMvdXMtY2VudHJhbDEvZnVuY3Rpb25zL2RlbGV0ZVVzZXJBY2NvdW50KgwI5p3RzQYQoObm2wIyCG5vZGVqczI0OnYKI2djci5pby9nYWUtcnVudGltZXMvbm9kZWpzMjQ6c3RhYmxlEk91cy1jZW50cmFsMS1kb2NrZXIucGtnLmRldi9zZXJ2ZXJsZXNzLXJ1bnRpbWVzL2dvb2dsZS0yNC1mdWxsL3J1bnRpbWVzL25vZGVqczI0QAE=","serviceAccount":"projects/mybaseballpassport/serviceAccounts/171882071353-compute@developer.gserviceaccount.com","automaticUpdatePolicy":{}},"serviceConfig":{"service":"projects/mybaseballpassport/locations/us-central1/services/sendpushnotification","timeoutSeconds":60,"environmentVariables":{"FIREBASE_CONFIG":"{\"projectId\":\"mybaseballpassport\",\"storageBucket\":\"mybaseballpassport.firebasestorage.app\"}","GCLOUD_PROJECT":"mybaseballpassport","EVENTARC_CLOUD_EVENT_SOURCE":"projects/mybaseballpassport/locations/us-central1/services/sendPushNotification","FUNCTION_TARGET":"sendPushNotification","LOG_EXECUTION_ID":"true","FUNCTION_SIGNATURE_TYPE":"http"},"ingressSettings":"ALLOW_ALL","serviceAccountEmail":"171882071353-compute@developer.gserviceaccount.com","availableMemory":"256Mi","maxInstanceRequestConcurrency":80,"availableCpu":"1"},"labels":{"deployment-tool":"cli-firebase","deployment-callable":"true","firebase-functions-hash":"3988e49557b98ae60d9676881050bf6f447c5821"},"environment":"GEN_2"},"stages":[{"name":"BUILD","message":"Reusing build","state":"COMPLETE","resource":"projects/171882071353/locations/us-central1/builds/cc7daca0-c627-4a82-9f65-1b2c79b9d00f"},{"name":"SERVICE","message":"Creating Cloud Run service","state":"IN_PROGRESS","resource":"projects/mybaseballpassport/locations/us-central1/services/sendpushnotification","resourceUri":"https://console.cloud.google.com/run/detail/us-central1/sendpushnotification?project=mybaseballpassport"}],"sourceToken":"Cldwcm9qZWN0cy8xNzE4ODIwNzEzNTMvbG9jYXRpb25zL3VzLWNlbnRyYWwxL2J1aWxkcy9jYzdkYWNhMC1jNjI3LTRhODItOWY2NS0xYjJjNzliOWQwMGYSe3VzLWNlbnRyYWwxLWRvY2tlci5wa2cuZGV2L215YmFzZWJhbGxwYXNzcG9ydC9nY2YtYXJ0aWZhY3RzL215YmFzZWJhbGxwYXNzcG9ydF9fdXMtLWNlbnRyYWwxX19kZWxldGVfdXNlcl9hY2NvdW50OnZlcnNpb25fMRi5iuGngAUiTXByb2plY3RzL215YmFzZWJhbGxwYXNzcG9ydC9sb2NhdGlvbnMvdXMtY2VudHJhbDEvZnVuY3Rpb25zL2RlbGV0ZVVzZXJBY2NvdW50KgwI5p3RzQYQoObm2wIyCG5vZGVqczI0OnYKI2djci5pby9nYWUtcnVudGltZXMvbm9kZWpzMjQ6c3RhYmxlEk91cy1jZW50cmFsMS1kb2NrZXIucGtnLmRldi9zZXJ2ZXJsZXNzLXJ1bnRpbWVzL2dvb2dsZS0yNC1mdWxsL3J1bnRpbWVzL25vZGVqczI0QAE=","operationType":"CREATE_FUNCTION","buildName":"projects/171882071353/locations/us-central1/builds/cc7daca0-c627-4a82-9f65-1b2c79b9d00f"},"done":false}
[debug] [2026-03-13T17:52:44.870Z] Got source token Cldwcm9qZWN0cy8xNzE4ODIwNzEzNTMvbG9jYXRpb25zL3VzLWNlbnRyYWwxL2J1aWxkcy9jYzdkYWNhMC1jNjI3LTRhODItOWY2NS0xYjJjNzliOWQwMGYSe3VzLWNlbnRyYWwxLWRvY2tlci5wa2cuZGV2L215YmFzZWJhbGxwYXNzcG9ydC9nY2YtYXJ0aWZhY3RzL215YmFzZWJhbGxwYXNzcG9ydF9fdXMtLWNlbnRyYWwxX19kZWxldGVfdXNlcl9hY2NvdW50OnZlcnNpb25fMRi5iuGngAUiTXByb2plY3RzL215YmFzZWJhbGxwYXNzcG9ydC9sb2NhdGlvbnMvdXMtY2VudHJhbDEvZnVuY3Rpb25zL2RlbGV0ZVVzZXJBY2NvdW50KgwI5p3RzQYQoObm2wIyCG5vZGVqczI0OnYKI2djci5pby9nYWUtcnVudGltZXMvbm9kZWpzMjQ6c3RhYmxlEk91cy1jZW50cmFsMS1kb2NrZXIucGtnLmRldi9zZXJ2ZXJsZXNzLXJ1bnRpbWVzL2dvb2dsZS0yNC1mdWxsL3J1bnRpbWVzL25vZGVqczI0QAE= for region us-central1
[debug] [2026-03-13T17:52:48.549Z] [create-default-us-central1-deleteCheckin] Retrying task index 0
[debug] [2026-03-13T17:52:48.549Z] Checked if tokens are valid: true, expires at: 1773427864234
[debug] [2026-03-13T17:52:48.549Z] Checked if tokens are valid: true, expires at: 1773427864234
[debug] [2026-03-13T17:52:48.549Z] >>> [apiv2][query] GET https://cloudfunctions.googleapis.com/v2/projects/mybaseballpassport/locations/us-central1/operations/operation-1773424360155-64ceb8905ea4b-c6ed2644-f652f274 [none]
[debug] [2026-03-13T17:52:48.738Z] <<< [apiv2][status] GET https://cloudfunctions.googleapis.com/v2/projects/mybaseballpassport/locations/us-central1/operations/operation-1773424360155-64ceb8905ea4b-c6ed2644-f652f274 200
[debug] [2026-03-13T17:52:48.738Z] <<< [apiv2][body] GET https://cloudfunctions.googleapis.com/v2/projects/mybaseballpassport/locations/us-central1/operations/operation-1773424360155-64ceb8905ea4b-c6ed2644-f652f274 {"name":"projects/mybaseballpassport/locations/us-central1/operations/operation-1773424360155-64ceb8905ea4b-c6ed2644-f652f274","metadata":{"@type":"type.googleapis.com/google.cloud.functions.v2.OperationMetadata","createTime":"2026-03-13T17:52:40.635424227Z","endTime":"2026-03-13T17:52:46.603063206Z","target":"projects/mybaseballpassport/locations/us-central1/functions/deleteCheckin","verb":"create","cancelRequested":false,"apiVersion":"v2","requestResource":{"@type":"type.googleapis.com/google.cloud.functions.v2.Function","name":"projects/mybaseballpassport/locations/us-central1/functions/deleteCheckin","buildConfig":{"runtime":"nodejs24","entryPoint":"deleteCheckin","source":{"storageSource":{"bucket":"gcf-v2-sources-171882071353-us-central1","object":"deleteCheckin/function-source.zip","generation":"1773424360395808"}},"environmentVariables":{"GOOGLE_NODE_RUN_SCRIPTS":""},"sourceToken":"Cldwcm9qZWN0cy8xNzE4ODIwNzEzNTMvbG9jYXRpb25zL3VzLWNlbnRyYWwxL2J1aWxkcy9jYzdkYWNhMC1jNjI3LTRhODItOWY2NS0xYjJjNzliOWQwMGYSe3VzLWNlbnRyYWwxLWRvY2tlci5wa2cuZGV2L215YmFzZWJhbGxwYXNzcG9ydC9nY2YtYXJ0aWZhY3RzL215YmFzZWJhbGxwYXNzcG9ydF9fdXMtLWNlbnRyYWwxX19kZWxldGVfdXNlcl9hY2NvdW50OnZlcnNpb25fMRi5iuGngAUiTXByb2plY3RzL215YmFzZWJhbGxwYXNzcG9ydC9sb2NhdGlvbnMvdXMtY2VudHJhbDEvZnVuY3Rpb25zL2RlbGV0ZVVzZXJBY2NvdW50KgwI5p3RzQYQoObm2wIyCG5vZGVqczI0OnYKI2djci5pby9nYWUtcnVudGltZXMvbm9kZWpzMjQ6c3RhYmxlEk91cy1jZW50cmFsMS1kb2NrZXIucGtnLmRldi9zZXJ2ZXJsZXNzLXJ1bnRpbWVzL2dvb2dsZS0yNC1mdWxsL3J1bnRpbWVzL25vZGVqczI0QAE=","serviceAccount":"projects/mybaseballpassport/serviceAccounts/171882071353-compute@developer.gserviceaccount.com","automaticUpdatePolicy":{}},"serviceConfig":{"service":"projects/mybaseballpassport/locations/us-central1/services/deletecheckin","timeoutSeconds":60,"environmentVariables":{"FIREBASE_CONFIG":"{\"projectId\":\"mybaseballpassport\",\"storageBucket\":\"mybaseballpassport.firebasestorage.app\"}","GCLOUD_PROJECT":"mybaseballpassport","EVENTARC_CLOUD_EVENT_SOURCE":"projects/mybaseballpassport/locations/us-central1/services/deleteCheckin","FUNCTION_TARGET":"deleteCheckin","LOG_EXECUTION_ID":"true","FUNCTION_SIGNATURE_TYPE":"http"},"ingressSettings":"ALLOW_ALL","serviceAccountEmail":"171882071353-compute@developer.gserviceaccount.com","availableMemory":"256Mi","maxInstanceRequestConcurrency":80,"availableCpu":"1"},"labels":{"deployment-tool":"cli-firebase","deployment-callable":"true","firebase-functions-hash":"3988e49557b98ae60d9676881050bf6f447c5821"},"environment":"GEN_2"},"stages":[{"name":"BUILD","message":"Reusing build","state":"COMPLETE","resource":"projects/171882071353/locations/us-central1/builds/cc7daca0-c627-4a82-9f65-1b2c79b9d00f"},{"name":"SERVICE","message":"Creating Cloud Run service","state":"COMPLETE","resource":"projects/mybaseballpassport/locations/us-central1/services/deletecheckin","resourceUri":"https://console.cloud.google.com/run/detail/us-central1/deletecheckin?project=mybaseballpassport"}],"sourceToken":"Cldwcm9qZWN0cy8xNzE4ODIwNzEzNTMvbG9jYXRpb25zL3VzLWNlbnRyYWwxL2J1aWxkcy9jYzdkYWNhMC1jNjI3LTRhODItOWY2NS0xYjJjNzliOWQwMGYSe3VzLWNlbnRyYWwxLWRvY2tlci5wa2cuZGV2L215YmFzZWJhbGxwYXNzcG9ydC9nY2YtYXJ0aWZhY3RzL215YmFzZWJhbGxwYXNzcG9ydF9fdXMtLWNlbnRyYWwxX19kZWxldGVfdXNlcl9hY2NvdW50OnZlcnNpb25fMRi5iuGngAUiTXByb2plY3RzL215YmFzZWJhbGxwYXNzcG9ydC9sb2NhdGlvbnMvdXMtY2VudHJhbDEvZnVuY3Rpb25zL2RlbGV0ZVVzZXJBY2NvdW50KgwI5p3RzQYQoObm2wIyCG5vZGVqczI0OnYKI2djci5pby9nYWUtcnVudGltZXMvbm9kZWpzMjQ6c3RhYmxlEk91cy1jZW50cmFsMS1kb2NrZXIucGtnLmRldi9zZXJ2ZXJsZXNzLXJ1bnRpbWVzL2dvb2dsZS0yNC1mdWxsL3J1bnRpbWVzL25vZGVqczI0QAE=","operationType":"CREATE_FUNCTION","buildName":"projects/171882071353/locations/us-central1/builds/cc7daca0-c627-4a82-9f65-1b2c79b9d00f"},"done":true,"response":{"@type":"type.googleapis.com/google.cloud.functions.v2.Function","name":"projects/mybaseballpassport/locations/us-central1/functions/deleteCheckin","buildConfig":{"build":"projects/171882071353/locations/us-central1/builds/cc7daca0-c627-4a82-9f65-1b2c79b9d00f","runtime":"nodejs24","entryPoint":"deleteCheckin","source":{"storageSource":{"bucket":"gcf-v2-sources-171882071353-us-central1","object":"deleteCheckin/function-source.zip","generation":"1773424360395808"}},"environmentVariables":{"GOOGLE_NODE_RUN_SCRIPTS":""},"dockerRepository":"projects/mybaseballpassport/locations/us-central1/repositories/gcf-artifacts","sourceProvenance":{"resolvedStorageSource":{"bucket":"gcf-v2-sources-171882071353-us-central1","object":"deleteCheckin/function-source.zip","generation":"1773424360395808"}},"dockerRegistry":"ARTIFACT_REGISTRY","serviceAccount":"projects/mybaseballpassport/serviceAccounts/171882071353-compute@developer.gserviceaccount.com","automaticUpdatePolicy":{}},"serviceConfig":{"service":"projects/mybaseballpassport/locations/us-central1/services/deletecheckin","timeoutSeconds":60,"environmentVariables":{"FIREBASE_CONFIG":"{\"projectId\":\"mybaseballpassport\",\"storageBucket\":\"mybaseballpassport.firebasestorage.app\"}","GCLOUD_PROJECT":"mybaseballpassport","EVENTARC_CLOUD_EVENT_SOURCE":"projects/mybaseballpassport/locations/us-central1/services/deleteCheckin","FUNCTION_TARGET":"deleteCheckin","LOG_EXECUTION_ID":"true","FUNCTION_SIGNATURE_TYPE":"http"},"ingressSettings":"ALLOW_ALL","uri":"https://deletecheckin-t7uwnj5vuq-uc.a.run.app","serviceAccountEmail":"171882071353-compute@developer.gserviceaccount.com","availableMemory":"256Mi","allTrafficOnLatestRevision":true,"revision":"deletecheckin-00001-faw","maxInstanceRequestConcurrency":80,"availableCpu":"1"},"state":"ACTIVE","updateTime":"2026-03-13T17:52:40.630173058Z","labels":{"firebase-functions-hash":"3988e49557b98ae60d9676881050bf6f447c5821","deployment-tool":"cli-firebase","deployment-callable":"true"},"environment":"GEN_2","url":"https://us-central1-mybaseballpassport.cloudfunctions.net/deleteCheckin","createTime":"2026-03-13T17:52:40.630173058Z","satisfiesPzi":true}}
[debug] [2026-03-13T17:52:48.739Z] Got source token Cldwcm9qZWN0cy8xNzE4ODIwNzEzNTMvbG9jYXRpb25zL3VzLWNlbnRyYWwxL2J1aWxkcy9jYzdkYWNhMC1jNjI3LTRhODItOWY2NS0xYjJjNzliOWQwMGYSe3VzLWNlbnRyYWwxLWRvY2tlci5wa2cuZGV2L215YmFzZWJhbGxwYXNzcG9ydC9nY2YtYXJ0aWZhY3RzL215YmFzZWJhbGxwYXNzcG9ydF9fdXMtLWNlbnRyYWwxX19kZWxldGVfdXNlcl9hY2NvdW50OnZlcnNpb25fMRi5iuGngAUiTXByb2plY3RzL215YmFzZWJhbGxwYXNzcG9ydC9sb2NhdGlvbnMvdXMtY2VudHJhbDEvZnVuY3Rpb25zL2RlbGV0ZVVzZXJBY2NvdW50KgwI5p3RzQYQoObm2wIyCG5vZGVqczI0OnYKI2djci5pby9nYWUtcnVudGltZXMvbm9kZWpzMjQ6c3RhYmxlEk91cy1jZW50cmFsMS1kb2NrZXIucGtnLmRldi9zZXJ2ZXJsZXNzLXJ1bnRpbWVzL2dvb2dsZS0yNC1mdWxsL3J1bnRpbWVzL25vZGVqczI0QAE= for region us-central1
[debug] [2026-03-13T17:52:48.739Z] Checked if tokens are valid: true, expires at: 1773427864234
[debug] [2026-03-13T17:52:48.739Z] Checked if tokens are valid: true, expires at: 1773427864234
[debug] [2026-03-13T17:52:48.740Z] >>> [apiv2][query] POST https://run.googleapis.com/v1/projects/mybaseballpassport/locations/us-central1/services/deletecheckin:setIamPolicy [none]
[debug] [2026-03-13T17:52:48.740Z] >>> [apiv2][body] POST https://run.googleapis.com/v1/projects/mybaseballpassport/locations/us-central1/services/deletecheckin:setIamPolicy {"policy":{"bindings":[{"role":"roles/run.invoker","members":["allUsers"]}],"etag":"","version":3},"updateMask":"bindings,etag,version"}
[debug] [2026-03-13T17:52:48.881Z] [create-default-us-central1-sendPushNotification] Retrying task index 0
[debug] [2026-03-13T17:52:48.882Z] Checked if tokens are valid: true, expires at: 1773427864234
[debug] [2026-03-13T17:52:48.882Z] Checked if tokens are valid: true, expires at: 1773427864234
[debug] [2026-03-13T17:52:48.882Z] >>> [apiv2][query] GET https://cloudfunctions.googleapis.com/v2/projects/mybaseballpassport/locations/us-central1/operations/operation-1773424360100-64ceb890511bc-a6586c25-1d7bea62 [none]
[debug] [2026-03-13T17:52:49.098Z] <<< [apiv2][status] POST https://run.googleapis.com/v1/projects/mybaseballpassport/locations/us-central1/services/deletecheckin:setIamPolicy 200
[debug] [2026-03-13T17:52:49.098Z] <<< [apiv2][body] POST https://run.googleapis.com/v1/projects/mybaseballpassport/locations/us-central1/services/deletecheckin:setIamPolicy {"version":1,"etag":"BwZM64mT6k4=","bindings":[{"role":"roles/run.invoker","members":["allUsers"]}]}
[info] +  functions[deleteCheckin(us-central1)] Successful create operation. 
[debug] [2026-03-13T17:52:49.116Z] <<< [apiv2][status] GET https://cloudfunctions.googleapis.com/v2/projects/mybaseballpassport/locations/us-central1/operations/operation-1773424360100-64ceb890511bc-a6586c25-1d7bea62 200
[debug] [2026-03-13T17:52:49.116Z] <<< [apiv2][body] GET https://cloudfunctions.googleapis.com/v2/projects/mybaseballpassport/locations/us-central1/operations/operation-1773424360100-64ceb890511bc-a6586c25-1d7bea62 {"name":"projects/mybaseballpassport/locations/us-central1/operations/operation-1773424360100-64ceb890511bc-a6586c25-1d7bea62","metadata":{"@type":"type.googleapis.com/google.cloud.functions.v2.OperationMetadata","createTime":"2026-03-13T17:52:40.629101507Z","endTime":"2026-03-13T17:52:48.009338192Z","target":"projects/mybaseballpassport/locations/us-central1/functions/sendPushNotification","verb":"create","cancelRequested":false,"apiVersion":"v2","requestResource":{"@type":"type.googleapis.com/google.cloud.functions.v2.Function","name":"projects/mybaseballpassport/locations/us-central1/functions/sendPushNotification","buildConfig":{"runtime":"nodejs24","entryPoint":"sendPushNotification","source":{"storageSource":{"bucket":"gcf-v2-sources-171882071353-us-central1","object":"sendPushNotification/function-source.zip","generation":"1773424360326043"}},"environmentVariables":{"GOOGLE_NODE_RUN_SCRIPTS":""},"sourceToken":"Cldwcm9qZWN0cy8xNzE4ODIwNzEzNTMvbG9jYXRpb25zL3VzLWNlbnRyYWwxL2J1aWxkcy9jYzdkYWNhMC1jNjI3LTRhODItOWY2NS0xYjJjNzliOWQwMGYSe3VzLWNlbnRyYWwxLWRvY2tlci5wa2cuZGV2L215YmFzZWJhbGxwYXNzcG9ydC9nY2YtYXJ0aWZhY3RzL215YmFzZWJhbGxwYXNzcG9ydF9fdXMtLWNlbnRyYWwxX19kZWxldGVfdXNlcl9hY2NvdW50OnZlcnNpb25fMRi5iuGngAUiTXByb2plY3RzL215YmFzZWJhbGxwYXNzcG9ydC9sb2NhdGlvbnMvdXMtY2VudHJhbDEvZnVuY3Rpb25zL2RlbGV0ZVVzZXJBY2NvdW50KgwI5p3RzQYQoObm2wIyCG5vZGVqczI0OnYKI2djci5pby9nYWUtcnVudGltZXMvbm9kZWpzMjQ6c3RhYmxlEk91cy1jZW50cmFsMS1kb2NrZXIucGtnLmRldi9zZXJ2ZXJsZXNzLXJ1bnRpbWVzL2dvb2dsZS0yNC1mdWxsL3J1bnRpbWVzL25vZGVqczI0QAE=","serviceAccount":"projects/mybaseballpassport/serviceAccounts/171882071353-compute@developer.gserviceaccount.com","automaticUpdatePolicy":{}},"serviceConfig":{"service":"projects/mybaseballpassport/locations/us-central1/services/sendpushnotification","timeoutSeconds":60,"environmentVariables":{"FIREBASE_CONFIG":"{\"projectId\":\"mybaseballpassport\",\"storageBucket\":\"mybaseballpassport.firebasestorage.app\"}","GCLOUD_PROJECT":"mybaseballpassport","EVENTARC_CLOUD_EVENT_SOURCE":"projects/mybaseballpassport/locations/us-central1/services/sendPushNotification","FUNCTION_TARGET":"sendPushNotification","LOG_EXECUTION_ID":"true","FUNCTION_SIGNATURE_TYPE":"http"},"ingressSettings":"ALLOW_ALL","serviceAccountEmail":"171882071353-compute@developer.gserviceaccount.com","availableMemory":"256Mi","maxInstanceRequestConcurrency":80,"availableCpu":"1"},"labels":{"deployment-tool":"cli-firebase","deployment-callable":"true","firebase-functions-hash":"3988e49557b98ae60d9676881050bf6f447c5821"},"environment":"GEN_2"},"stages":[{"name":"BUILD","message":"Reusing build","state":"COMPLETE","resource":"projects/171882071353/locations/us-central1/builds/cc7daca0-c627-4a82-9f65-1b2c79b9d00f"},{"name":"SERVICE","message":"Creating Cloud Run service","state":"COMPLETE","resource":"projects/mybaseballpassport/locations/us-central1/services/sendpushnotification","resourceUri":"https://console.cloud.google.com/run/detail/us-central1/sendpushnotification?project=mybaseballpassport"}],"sourceToken":"Cldwcm9qZWN0cy8xNzE4ODIwNzEzNTMvbG9jYXRpb25zL3VzLWNlbnRyYWwxL2J1aWxkcy9jYzdkYWNhMC1jNjI3LTRhODItOWY2NS0xYjJjNzliOWQwMGYSe3VzLWNlbnRyYWwxLWRvY2tlci5wa2cuZGV2L215YmFzZWJhbGxwYXNzcG9ydC9nY2YtYXJ0aWZhY3RzL215YmFzZWJhbGxwYXNzcG9ydF9fdXMtLWNlbnRyYWwxX19kZWxldGVfdXNlcl9hY2NvdW50OnZlcnNpb25fMRi5iuGngAUiTXByb2plY3RzL215YmFzZWJhbGxwYXNzcG9ydC9sb2NhdGlvbnMvdXMtY2VudHJhbDEvZnVuY3Rpb25zL2RlbGV0ZVVzZXJBY2NvdW50KgwI5p3RzQYQoObm2wIyCG5vZGVqczI0OnYKI2djci5pby9nYWUtcnVudGltZXMvbm9kZWpzMjQ6c3RhYmxlEk91cy1jZW50cmFsMS1kb2NrZXIucGtnLmRldi9zZXJ2ZXJsZXNzLXJ1bnRpbWVzL2dvb2dsZS0yNC1mdWxsL3J1bnRpbWVzL25vZGVqczI0QAE=","operationType":"CREATE_FUNCTION","buildName":"projects/171882071353/locations/us-central1/builds/cc7daca0-c627-4a82-9f65-1b2c79b9d00f"},"done":true,"response":{"@type":"type.googleapis.com/google.cloud.functions.v2.Function","name":"projects/mybaseballpassport/locations/us-central1/functions/sendPushNotification","buildConfig":{"build":"projects/171882071353/locations/us-central1/builds/cc7daca0-c627-4a82-9f65-1b2c79b9d00f","runtime":"nodejs24","entryPoint":"sendPushNotification","source":{"storageSource":{"bucket":"gcf-v2-sources-171882071353-us-central1","object":"sendPushNotification/function-source.zip","generation":"1773424360326043"}},"environmentVariables":{"GOOGLE_NODE_RUN_SCRIPTS":""},"dockerRepository":"projects/mybaseballpassport/locations/us-central1/repositories/gcf-artifacts","sourceProvenance":{"resolvedStorageSource":{"bucket":"gcf-v2-sources-171882071353-us-central1","object":"sendPushNotification/function-source.zip","generation":"1773424360326043"}},"dockerRegistry":"ARTIFACT_REGISTRY","serviceAccount":"projects/mybaseballpassport/serviceAccounts/171882071353-compute@developer.gserviceaccount.com","automaticUpdatePolicy":{}},"serviceConfig":{"service":"projects/mybaseballpassport/locations/us-central1/services/sendpushnotification","timeoutSeconds":60,"environmentVariables":{"FIREBASE_CONFIG":"{\"projectId\":\"mybaseballpassport\",\"storageBucket\":\"mybaseballpassport.firebasestorage.app\"}","GCLOUD_PROJECT":"mybaseballpassport","EVENTARC_CLOUD_EVENT_SOURCE":"projects/mybaseballpassport/locations/us-central1/services/sendPushNotification","FUNCTION_TARGET":"sendPushNotification","LOG_EXECUTION_ID":"true","FUNCTION_SIGNATURE_TYPE":"http"},"ingressSettings":"ALLOW_ALL","uri":"https://sendpushnotification-t7uwnj5vuq-uc.a.run.app","serviceAccountEmail":"171882071353-compute@developer.gserviceaccount.com","availableMemory":"256Mi","allTrafficOnLatestRevision":true,"revision":"sendpushnotification-00001-ves","maxInstanceRequestConcurrency":80,"availableCpu":"1"},"state":"ACTIVE","updateTime":"2026-03-13T17:52:40.624124744Z","labels":{"deployment-tool":"cli-firebase","deployment-callable":"true","firebase-functions-hash":"3988e49557b98ae60d9676881050bf6f447c5821"},"environment":"GEN_2","url":"https://us-central1-mybaseballpassport.cloudfunctions.net/sendPushNotification","createTime":"2026-03-13T17:52:40.624124744Z","satisfiesPzi":true}}
[debug] [2026-03-13T17:52:49.117Z] Got source token Cldwcm9qZWN0cy8xNzE4ODIwNzEzNTMvbG9jYXRpb25zL3VzLWNlbnRyYWwxL2J1aWxkcy9jYzdkYWNhMC1jNjI3LTRhODItOWY2NS0xYjJjNzliOWQwMGYSe3VzLWNlbnRyYWwxLWRvY2tlci5wa2cuZGV2L215YmFzZWJhbGxwYXNzcG9ydC9nY2YtYXJ0aWZhY3RzL215YmFzZWJhbGxwYXNzcG9ydF9fdXMtLWNlbnRyYWwxX19kZWxldGVfdXNlcl9hY2NvdW50OnZlcnNpb25fMRi5iuGngAUiTXByb2plY3RzL215YmFzZWJhbGxwYXNzcG9ydC9sb2NhdGlvbnMvdXMtY2VudHJhbDEvZnVuY3Rpb25zL2RlbGV0ZVVzZXJBY2NvdW50KgwI5p3RzQYQoObm2wIyCG5vZGVqczI0OnYKI2djci5pby9nYWUtcnVudGltZXMvbm9kZWpzMjQ6c3RhYmxlEk91cy1jZW50cmFsMS1kb2NrZXIucGtnLmRldi9zZXJ2ZXJsZXNzLXJ1bnRpbWVzL2dvb2dsZS0yNC1mdWxsL3J1bnRpbWVzL25vZGVqczI0QAE= for region us-central1
[debug] [2026-03-13T17:52:49.117Z] Checked if tokens are valid: true, expires at: 1773427864234
[debug] [2026-03-13T17:52:49.117Z] Checked if tokens are valid: true, expires at: 1773427864234
[debug] [2026-03-13T17:52:49.117Z] >>> [apiv2][query] POST https://run.googleapis.com/v1/projects/mybaseballpassport/locations/us-central1/services/sendpushnotification:setIamPolicy [none]
[debug] [2026-03-13T17:52:49.117Z] >>> [apiv2][body] POST https://run.googleapis.com/v1/projects/mybaseballpassport/locations/us-central1/services/sendpushnotification:setIamPolicy {"policy":{"bindings":[{"role":"roles/run.invoker","members":["allUsers"]}],"etag":"","version":3},"updateMask":"bindings,etag,version"}
[debug] [2026-03-13T17:52:49.496Z] [create-default-us-central1-deleteUserAccount] Retrying task index 0
[debug] [2026-03-13T17:52:49.497Z] Checked if tokens are valid: true, expires at: 1773427864234
[debug] [2026-03-13T17:52:49.497Z] Checked if tokens are valid: true, expires at: 1773427864234
[debug] [2026-03-13T17:52:49.497Z] >>> [apiv2][query] GET https://cloudfunctions.googleapis.com/v2/projects/mybaseballpassport/locations/us-central1/operations/operation-1773424290394-64ceb84dd70c3-2ad156dd-641124b6 [none]
[debug] [2026-03-13T17:52:49.532Z] <<< [apiv2][status] POST https://run.googleapis.com/v1/projects/mybaseballpassport/locations/us-central1/services/sendpushnotification:setIamPolicy 200
[debug] [2026-03-13T17:52:49.532Z] <<< [apiv2][body] POST https://run.googleapis.com/v1/projects/mybaseballpassport/locations/us-central1/services/sendpushnotification:setIamPolicy {"version":1,"etag":"BwZM64mamr0=","bindings":[{"role":"roles/run.invoker","members":["allUsers"]}]}
[info] +  functions[sendPushNotification(us-central1)] Successful create operation. 
[debug] [2026-03-13T17:52:49.624Z] <<< [apiv2][status] GET https://cloudfunctions.googleapis.com/v2/projects/mybaseballpassport/locations/us-central1/operations/operation-1773424290394-64ceb84dd70c3-2ad156dd-641124b6 200
[debug] [2026-03-13T17:52:49.624Z] <<< [apiv2][body] GET https://cloudfunctions.googleapis.com/v2/projects/mybaseballpassport/locations/us-central1/operations/operation-1773424290394-64ceb84dd70c3-2ad156dd-641124b6 {"name":"projects/mybaseballpassport/locations/us-central1/operations/operation-1773424290394-64ceb84dd70c3-2ad156dd-641124b6","metadata":{"@type":"type.googleapis.com/google.cloud.functions.v2.OperationMetadata","createTime":"2026-03-13T17:51:31.864965615Z","endTime":"2026-03-13T17:52:47.241924306Z","target":"projects/mybaseballpassport/locations/us-central1/functions/deleteUserAccount","verb":"create","cancelRequested":false,"apiVersion":"v2","requestResource":{"@type":"type.googleapis.com/google.cloud.functions.v2.Function","name":"projects/mybaseballpassport/locations/us-central1/functions/deleteUserAccount","buildConfig":{"runtime":"nodejs24","entryPoint":"deleteUserAccount","source":{"storageSource":{"bucket":"gcf-v2-sources-171882071353-us-central1","object":"deleteUserAccount/function-source.zip","generation":"1773424291480027"}},"environmentVariables":{"GOOGLE_NODE_RUN_SCRIPTS":""},"serviceAccount":"projects/mybaseballpassport/serviceAccounts/171882071353-compute@developer.gserviceaccount.com","automaticUpdatePolicy":{}},"serviceConfig":{"service":"projects/mybaseballpassport/locations/us-central1/services/deleteuseraccount","timeoutSeconds":60,"environmentVariables":{"FIREBASE_CONFIG":"{\"projectId\":\"mybaseballpassport\",\"storageBucket\":\"mybaseballpassport.firebasestorage.app\"}","GCLOUD_PROJECT":"mybaseballpassport","EVENTARC_CLOUD_EVENT_SOURCE":"projects/mybaseballpassport/locations/us-central1/services/deleteUserAccount","FUNCTION_TARGET":"deleteUserAccount","LOG_EXECUTION_ID":"true"},"ingressSettings":"ALLOW_ALL","serviceAccountEmail":"171882071353-compute@developer.gserviceaccount.com","availableMemory":"256Mi","maxInstanceRequestConcurrency":80,"availableCpu":"1"},"labels":{"deployment-tool":"cli-firebase","deployment-callable":"true","firebase-functions-hash":"3988e49557b98ae60d9676881050bf6f447c5821"},"environment":"GEN_2"},"stages":[{"name":"BUILD","message":"Build finished","state":"COMPLETE","resource":"projects/171882071353/locations/us-central1/builds/cc7daca0-c627-4a82-9f65-1b2c79b9d00f","resourceUri":"https://console.cloud.google.com/cloud-build/builds;region=us-central1/cc7daca0-c627-4a82-9f65-1b2c79b9d00f?project=171882071353"},{"name":"SERVICE","message":"Creating Cloud Run service","state":"COMPLETE","resource":"projects/mybaseballpassport/locations/us-central1/services/deleteuseraccount","resourceUri":"https://console.cloud.google.com/run/detail/us-central1/deleteuseraccount?project=mybaseballpassport"}],"sourceToken":"Cldwcm9qZWN0cy8xNzE4ODIwNzEzNTMvbG9jYXRpb25zL3VzLWNlbnRyYWwxL2J1aWxkcy9jYzdkYWNhMC1jNjI3LTRhODItOWY2NS0xYjJjNzliOWQwMGYSe3VzLWNlbnRyYWwxLWRvY2tlci5wa2cuZGV2L215YmFzZWJhbGxwYXNzcG9ydC9nY2YtYXJ0aWZhY3RzL215YmFzZWJhbGxwYXNzcG9ydF9fdXMtLWNlbnRyYWwxX19kZWxldGVfdXNlcl9hY2NvdW50OnZlcnNpb25fMRi5iuGngAUiTXByb2plY3RzL215YmFzZWJhbGxwYXNzcG9ydC9sb2NhdGlvbnMvdXMtY2VudHJhbDEvZnVuY3Rpb25zL2RlbGV0ZVVzZXJBY2NvdW50KgwI5p3RzQYQoObm2wIyCG5vZGVqczI0OnYKI2djci5pby9nYWUtcnVudGltZXMvbm9kZWpzMjQ6c3RhYmxlEk91cy1jZW50cmFsMS1kb2NrZXIucGtnLmRldi9zZXJ2ZXJsZXNzLXJ1bnRpbWVzL2dvb2dsZS0yNC1mdWxsL3J1bnRpbWVzL25vZGVqczI0QAE=","operationType":"CREATE_FUNCTION","buildName":"projects/171882071353/locations/us-central1/builds/cc7daca0-c627-4a82-9f65-1b2c79b9d00f"},"done":true,"response":{"@type":"type.googleapis.com/google.cloud.functions.v2.Function","name":"projects/mybaseballpassport/locations/us-central1/functions/deleteUserAccount","buildConfig":{"build":"projects/171882071353/locations/us-central1/builds/cc7daca0-c627-4a82-9f65-1b2c79b9d00f","runtime":"nodejs24","entryPoint":"deleteUserAccount","source":{"storageSource":{"bucket":"gcf-v2-sources-171882071353-us-central1","object":"deleteUserAccount/function-source.zip","generation":"1773424291480027"}},"environmentVariables":{"GOOGLE_NODE_RUN_SCRIPTS":""},"dockerRepository":"projects/mybaseballpassport/locations/us-central1/repositories/gcf-artifacts","sourceProvenance":{"resolvedStorageSource":{"bucket":"gcf-v2-sources-171882071353-us-central1","object":"deleteUserAccount/function-source.zip","generation":"1773424291480027"}},"dockerRegistry":"ARTIFACT_REGISTRY","serviceAccount":"projects/mybaseballpassport/serviceAccounts/171882071353-compute@developer.gserviceaccount.com","automaticUpdatePolicy":{}},"serviceConfig":{"service":"projects/mybaseballpassport/locations/us-central1/services/deleteuseraccount","timeoutSeconds":60,"environmentVariables":{"FIREBASE_CONFIG":"{\"projectId\":\"mybaseballpassport\",\"storageBucket\":\"mybaseballpassport.firebasestorage.app\"}","GCLOUD_PROJECT":"mybaseballpassport","EVENTARC_CLOUD_EVENT_SOURCE":"projects/mybaseballpassport/locations/us-central1/services/deleteUserAccount","FUNCTION_TARGET":"deleteUserAccount","LOG_EXECUTION_ID":"true"},"ingressSettings":"ALLOW_ALL","uri":"https://deleteuseraccount-t7uwnj5vuq-uc.a.run.app","serviceAccountEmail":"171882071353-compute@developer.gserviceaccount.com","availableMemory":"256Mi","allTrafficOnLatestRevision":true,"revision":"deleteuseraccount-00001-sur","maxInstanceRequestConcurrency":80,"availableCpu":"1"},"state":"ACTIVE","updateTime":"2026-03-13T17:51:31.859008034Z","labels":{"deployment-tool":"cli-firebase","deployment-callable":"true","firebase-functions-hash":"3988e49557b98ae60d9676881050bf6f447c5821"},"environment":"GEN_2","url":"https://us-central1-mybaseballpassport.cloudfunctions.net/deleteUserAccount","createTime":"2026-03-13T17:51:31.859008034Z","satisfiesPzi":true}}
[debug] [2026-03-13T17:52:49.624Z] Got source token Cldwcm9qZWN0cy8xNzE4ODIwNzEzNTMvbG9jYXRpb25zL3VzLWNlbnRyYWwxL2J1aWxkcy9jYzdkYWNhMC1jNjI3LTRhODItOWY2NS0xYjJjNzliOWQwMGYSe3VzLWNlbnRyYWwxLWRvY2tlci5wa2cuZGV2L215YmFzZWJhbGxwYXNzcG9ydC9nY2YtYXJ0aWZhY3RzL215YmFzZWJhbGxwYXNzcG9ydF9fdXMtLWNlbnRyYWwxX19kZWxldGVfdXNlcl9hY2NvdW50OnZlcnNpb25fMRi5iuGngAUiTXByb2plY3RzL215YmFzZWJhbGxwYXNzcG9ydC9sb2NhdGlvbnMvdXMtY2VudHJhbDEvZnVuY3Rpb25zL2RlbGV0ZVVzZXJBY2NvdW50KgwI5p3RzQYQoObm2wIyCG5vZGVqczI0OnYKI2djci5pby9nYWUtcnVudGltZXMvbm9kZWpzMjQ6c3RhYmxlEk91cy1jZW50cmFsMS1kb2NrZXIucGtnLmRldi9zZXJ2ZXJsZXNzLXJ1bnRpbWVzL2dvb2dsZS0yNC1mdWxsL3J1bnRpbWVzL25vZGVqczI0QAE= for region us-central1
[debug] [2026-03-13T17:52:49.625Z] Checked if tokens are valid: true, expires at: 1773427864234
[debug] [2026-03-13T17:52:49.625Z] Checked if tokens are valid: true, expires at: 1773427864234
[debug] [2026-03-13T17:52:49.625Z] >>> [apiv2][query] POST https://run.googleapis.com/v1/projects/mybaseballpassport/locations/us-central1/services/deleteuseraccount:setIamPolicy [none]
[debug] [2026-03-13T17:52:49.625Z] >>> [apiv2][body] POST https://run.googleapis.com/v1/projects/mybaseballpassport/locations/us-central1/services/deleteuseraccount:setIamPolicy {"policy":{"bindings":[{"role":"roles/run.invoker","members":["allUsers"]}],"etag":"","version":3},"updateMask":"bindings,etag,version"}
[debug] [2026-03-13T17:52:49.901Z] <<< [apiv2][status] POST https://run.googleapis.com/v1/projects/mybaseballpassport/locations/us-central1/services/deleteuseraccount:setIamPolicy 200
[debug] [2026-03-13T17:52:49.901Z] <<< [apiv2][body] POST https://run.googleapis.com/v1/projects/mybaseballpassport/locations/us-central1/services/deleteuseraccount:setIamPolicy {"version":1,"etag":"BwZM64mgLiA=","bindings":[{"role":"roles/run.invoker","members":["allUsers"]}]}
[info] +  functions[deleteUserAccount(us-central1)] Successful create operation. 
[debug] [2026-03-13T17:52:55.301Z] <<< [apiv2][status] POST https://cloudfunctions.googleapis.com/v2/projects/mybaseballpassport/locations/us-central1/functions 400
[debug] [2026-03-13T17:52:55.301Z] <<< [apiv2][body] POST https://cloudfunctions.googleapis.com/v2/projects/mybaseballpassport/locations/us-central1/functions {"error":{"code":400,"message":"Validation failed for trigger projects/mybaseballpassport/locations/nam5/triggers/onchirpadded-035033: Invalid resource state for \"\": Permission denied while using the Eventarc Service Agent. If you recently started to use Eventarc, it may take a few minutes before all necessary permissions are propagated to the Service Agent. Otherwise, verify that it has Eventarc Service Agent role.","status":"FAILED_PRECONDITION"}}
[warn] !  functions: Request to https://cloudfunctions.googleapis.com/v2/projects/mybaseballpassport/locations/us-central1/functions?functionId=onChirpAdded had HTTP Error: 400, Validation failed for trigger projects/mybaseballpassport/locations/nam5/triggers/onchirpadded-035033: Invalid resource state for "": Permission denied while using the Eventarc Service Agent. If you recently started to use Eventarc, it may take a few minutes before all necessary permissions are propagated to the Service Agent. Otherwise, verify that it has Eventarc Service Agent role. 
[warn] !  functions: Since this is your first time using 2nd gen functions, we need a little bit longer to finish setting everything up. Retry the deployment in a few minutes. 
[warn] !  functions:  failed to create function projects/mybaseballpassport/locations/us-central1/functions/onChirpAdded 
[error] Failed to create function projects/mybaseballpassport/locations/us-central1/functions/onChirpAdded
[debug] [2026-03-13T17:52:56.488Z] <<< [apiv2][status] POST https://cloudfunctions.googleapis.com/v2/projects/mybaseballpassport/locations/us-central1/functions 400
[debug] [2026-03-13T17:52:56.488Z] <<< [apiv2][body] POST https://cloudfunctions.googleapis.com/v2/projects/mybaseballpassport/locations/us-central1/functions {"error":{"code":400,"message":"Validation failed for trigger projects/mybaseballpassport/locations/nam5/triggers/onfriendrequest-477523: Invalid resource state for \"\": Permission denied while using the Eventarc Service Agent. If you recently started to use Eventarc, it may take a few minutes before all necessary permissions are propagated to the Service Agent. Otherwise, verify that it has Eventarc Service Agent role.","status":"FAILED_PRECONDITION"}}
[warn] !  functions: Request to https://cloudfunctions.googleapis.com/v2/projects/mybaseballpassport/locations/us-central1/functions?functionId=onFriendRequest had HTTP Error: 400, Validation failed for trigger projects/mybaseballpassport/locations/nam5/triggers/onfriendrequest-477523: Invalid resource state for "": Permission denied while using the Eventarc Service Agent. If you recently started to use Eventarc, it may take a few minutes before all necessary permissions are propagated to the Service Agent. Otherwise, verify that it has Eventarc Service Agent role. 
[warn] !  functions: Since this is your first time using 2nd gen functions, we need a little bit longer to finish setting everything up. Retry the deployment in a few minutes. 
[warn] !  functions:  failed to create function projects/mybaseballpassport/locations/us-central1/functions/onFriendRequest 
[error] Failed to create function projects/mybaseballpassport/locations/us-central1/functions/onFriendRequest
[debug] [2026-03-13T17:52:56.782Z] <<< [apiv2][status] POST https://cloudfunctions.googleapis.com/v2/projects/mybaseballpassport/locations/us-central1/functions 400
[debug] [2026-03-13T17:52:56.782Z] <<< [apiv2][body] POST https://cloudfunctions.googleapis.com/v2/projects/mybaseballpassport/locations/us-central1/functions {"error":{"code":400,"message":"Validation failed for trigger projects/mybaseballpassport/locations/nam5/triggers/oncheeradded-902698: Invalid resource state for \"\": Permission denied while using the Eventarc Service Agent. If you recently started to use Eventarc, it may take a few minutes before all necessary permissions are propagated to the Service Agent. Otherwise, verify that it has Eventarc Service Agent role.","status":"FAILED_PRECONDITION"}}
[warn] !  functions: Request to https://cloudfunctions.googleapis.com/v2/projects/mybaseballpassport/locations/us-central1/functions?functionId=onCheerAdded had HTTP Error: 400, Validation failed for trigger projects/mybaseballpassport/locations/nam5/triggers/oncheeradded-902698: Invalid resource state for "": Permission denied while using the Eventarc Service Agent. If you recently started to use Eventarc, it may take a few minutes before all necessary permissions are propagated to the Service Agent. Otherwise, verify that it has Eventarc Service Agent role. 
[warn] !  functions: Since this is your first time using 2nd gen functions, we need a little bit longer to finish setting everything up. Retry the deployment in a few minutes. 
[warn] !  functions:  failed to create function projects/mybaseballpassport/locations/us-central1/functions/onCheerAdded 
[error] Failed to create function projects/mybaseballpassport/locations/us-central1/functions/onCheerAdded
[debug] [2026-03-13T17:52:56.862Z] <<< [apiv2][status] POST https://cloudfunctions.googleapis.com/v2/projects/mybaseballpassport/locations/us-central1/functions 400
[debug] [2026-03-13T17:52:56.863Z] <<< [apiv2][body] POST https://cloudfunctions.googleapis.com/v2/projects/mybaseballpassport/locations/us-central1/functions {"error":{"code":400,"message":"Validation failed for trigger projects/mybaseballpassport/locations/nam5/triggers/onfriendcheckin-422791: Invalid resource state for \"\": Permission denied while using the Eventarc Service Agent. If you recently started to use Eventarc, it may take a few minutes before all necessary permissions are propagated to the Service Agent. Otherwise, verify that it has Eventarc Service Agent role.","status":"FAILED_PRECONDITION"}}
[warn] !  functions: Request to https://cloudfunctions.googleapis.com/v2/projects/mybaseballpassport/locations/us-central1/functions?functionId=onFriendCheckin had HTTP Error: 400, Validation failed for trigger projects/mybaseballpassport/locations/nam5/triggers/onfriendcheckin-422791: Invalid resource state for "": Permission denied while using the Eventarc Service Agent. If you recently started to use Eventarc, it may take a few minutes before all necessary permissions are propagated to the Service Agent. Otherwise, verify that it has Eventarc Service Agent role. 
[warn] !  functions: Since this is your first time using 2nd gen functions, we need a little bit longer to finish setting everything up. Retry the deployment in a few minutes. 
[warn] !  functions:  failed to create function projects/mybaseballpassport/locations/us-central1/functions/onFriendCheckin 
[error] Failed to create function projects/mybaseballpassport/locations/us-central1/functions/onFriendCheckin
[debug] [2026-03-13T17:52:56.869Z] Total Function Deployment time: 87061
[debug] [2026-03-13T17:52:56.869Z] 7 Functions Deployed
[debug] [2026-03-13T17:52:56.869Z] 4 Functions Errored
[debug] [2026-03-13T17:52:56.869Z] 0 Function Deployments Aborted
[debug] [2026-03-13T17:52:56.869Z] Average Function Deployment time: 83618
[info] 
[info] Functions deploy had errors with the following functions:
	onCheerAdded(us-central1)
	onChirpAdded(us-central1)
	onFriendCheckin(us-central1)
	onFriendRequest(us-central1)
[debug] [2026-03-13T17:52:56.877Z] Checked if tokens are valid: true, expires at: 1773427864234
[debug] [2026-03-13T17:52:56.877Z] Checked if tokens are valid: true, expires at: 1773427864234
[debug] [2026-03-13T17:52:56.877Z] >>> [apiv2][query] GET https://artifactregistry.googleapis.com/v1/projects/mybaseballpassport/locations/us-central1/repositories/gcf-artifacts [none]
[debug] [2026-03-13T17:52:57.097Z] <<< [apiv2][status] GET https://artifactregistry.googleapis.com/v1/projects/mybaseballpassport/locations/us-central1/repositories/gcf-artifacts 200
[debug] [2026-03-13T17:52:57.097Z] <<< [apiv2][body] GET https://artifactregistry.googleapis.com/v1/projects/mybaseballpassport/locations/us-central1/repositories/gcf-artifacts {"name":"projects/mybaseballpassport/locations/us-central1/repositories/gcf-artifacts","format":"DOCKER","description":"This repository is created and used by Cloud Functions for storing function docker images.","labels":{"goog-managed-by":"cloudfunctions"},"createTime":"2026-03-13T17:51:40.722059Z","updateTime":"2026-03-13T17:52:31.773246Z","mode":"STANDARD_REPOSITORY","sizeBytes":"96923319","vulnerabilityScanningConfig":{"lastEnableTime":"2026-03-13T17:51:32.041044655Z","enablementState":"SCANNING_DISABLED","enablementStateReason":"API containerscanning.googleapis.com is not enabled."},"satisfiesPzi":true,"registryUri":"us-central1-docker.pkg.dev/mybaseballpassport/gcf-artifacts"}
[warn] !  functions: No cleanup policy detected for repositories in us-central1. This may result in a small monthly bill as container images accumulate over time. 
[info] i  functions: Configuring cleanup policy for repository in us-central1. Images older than 30 days will be automatically deleted. 
[debug] [2026-03-13T17:54:24.419Z] Setting up artifact cleanup policy for region us-central1
[debug] [2026-03-13T17:54:24.420Z] Checked if tokens are valid: true, expires at: 1773427864234
[debug] [2026-03-13T17:54:24.420Z] Checked if tokens are valid: true, expires at: 1773427864234
[debug] [2026-03-13T17:54:24.420Z] >>> [apiv2][query] PATCH https://artifactregistry.googleapis.com/v1/projects/mybaseballpassport/locations/us-central1/repositories/gcf-artifacts updateMask=name%2CcleanupPolicies%2CcleanupPolicyDryRun%2Clabels
[debug] [2026-03-13T17:54:24.420Z] >>> [apiv2][body] PATCH https://artifactregistry.googleapis.com/v1/projects/mybaseballpassport/locations/us-central1/repositories/gcf-artifacts {"name":"projects/mybaseballpassport/locations/us-central1/repositories/gcf-artifacts","cleanupPolicies":{"firebase-functions-cleanup":{"id":"firebase-functions-cleanup","condition":{"tagState":"ANY","olderThan":"2592000s"},"action":"DELETE"}},"cleanupPolicyDryRun":false,"labels":{"goog-managed-by":"cloudfunctions"}}
[debug] [2026-03-13T17:54:24.604Z] <<< [apiv2][status] PATCH https://artifactregistry.googleapis.com/v1/projects/mybaseballpassport/locations/us-central1/repositories/gcf-artifacts 200
[debug] [2026-03-13T17:54:24.605Z] <<< [apiv2][body] PATCH https://artifactregistry.googleapis.com/v1/projects/mybaseballpassport/locations/us-central1/repositories/gcf-artifacts {"name":"projects/mybaseballpassport/locations/us-central1/repositories/gcf-artifacts","format":"DOCKER","description":"This repository is created and used by Cloud Functions for storing function docker images.","labels":{"goog-managed-by":"cloudfunctions"},"createTime":"2026-03-13T17:51:40.722059Z","updateTime":"2026-03-13T17:54:24.951682Z","mode":"STANDARD_REPOSITORY","cleanupPolicies":{"firebase-functions-cleanup":{"id":"firebase-functions-cleanup","action":"DELETE","condition":{"tagState":"ANY","olderThan":"2592000s"}}},"vulnerabilityScanningConfig":{"lastEnableTime":"2026-03-13T17:51:32.041044655Z","enablementState":"SCANNING_DISABLED","enablementStateReason":"API containerscanning.googleapis.com is not enabled."},"satisfiesPzi":true}
[info] i  functions: Configured cleanup policy for repository in us-central1. 
[debug] [2026-03-13T17:54:24.606Z] Functions deploy failed.
[debug] [2026-03-13T17:54:24.606Z] {
  "endpoint": {
    "id": "onChirpAdded",
    "project": "mybaseballpassport",
    "region": "us-central1",
    "entryPoint": "onChirpAdded",
    "platform": "gcfv2",
    "runtime": "nodejs24",
    "eventTrigger": {
      "eventType": "google.cloud.firestore.document.v1.created",
      "retry": false,
      "eventFilters": {
        "database": "(default)",
        "namespace": "(default)"
      },
      "eventFilterPathPatterns": {
        "document": "profiles/{ownerUid}/checkins/{checkinId}/chirps/{chirpId}"
      },
      "region": "nam5"
    },
    "labels": {
      "deployment-tool": "cli-firebase"
    },
    "serviceAccount": null,
    "ingressSettings": null,
    "availableMemoryMb": null,
    "timeoutSeconds": null,
    "maxInstances": null,
    "minInstances": null,
    "concurrency": 80,
    "vpc": null,
    "environmentVariables": {
      "FIREBASE_CONFIG": "{\"projectId\":\"mybaseballpassport\",\"storageBucket\":\"mybaseballpassport.firebasestorage.app\"}",
      "GCLOUD_PROJECT": "mybaseballpassport",
      "EVENTARC_CLOUD_EVENT_SOURCE": "projects/mybaseballpassport/locations/us-central1/services/onChirpAdded"
    },
    "codebase": "default",
    "cpu": 1,
    "targetedByOnly": false,
    "hash": "3988e49557b98ae60d9676881050bf6f447c5821"
  },
  "op": "create",
  "original": {
    "name": "FirebaseError",
    "children": [],
    "context": {
      "function": "projects/mybaseballpassport/locations/us-central1/functions/onChirpAdded"
    },
    "exit": 1,
    "message": "Failed to create function projects/mybaseballpassport/locations/us-central1/functions/onChirpAdded",
    "original": {
      "name": "FirebaseError",
      "children": [],
      "context": {
        "body": {
          "error": {
            "code": 400,
            "message": "Validation failed for trigger projects/mybaseballpassport/locations/nam5/triggers/onchirpadded-035033: Invalid resource state for \"\": Permission denied while using the Eventarc Service Agent. If you recently started to use Eventarc, it may take a few minutes before all necessary permissions are propagated to the Service Agent. Otherwise, verify that it has Eventarc Service Agent role.",
            "status": "FAILED_PRECONDITION"
          }
        },
        "response": {
          "statusCode": 400
        }
      },
      "exit": 1,
      "message": "Request to https://cloudfunctions.googleapis.com/v2/projects/mybaseballpassport/locations/us-central1/functions?functionId=onChirpAdded had HTTP Error: 400, Validation failed for trigger projects/mybaseballpassport/locations/nam5/triggers/onchirpadded-035033: Invalid resource state for \"\": Permission denied while using the Eventarc Service Agent. If you recently started to use Eventarc, it may take a few minutes before all necessary permissions are propagated to the Service Agent. Otherwise, verify that it has Eventarc Service Agent role.",
      "status": 400
    },
    "status": 400,
    "code": 400
  }
}
[debug] [2026-03-13T17:54:24.606Z] {
  "endpoint": {
    "id": "onFriendRequest",
    "project": "mybaseballpassport",
    "region": "us-central1",
    "entryPoint": "onFriendRequest",
    "platform": "gcfv2",
    "runtime": "nodejs24",
    "eventTrigger": {
      "eventType": "google.cloud.firestore.document.v1.created",
      "retry": false,
      "eventFilters": {
        "database": "(default)",
        "namespace": "(default)"
      },
      "eventFilterPathPatterns": {
        "document": "profiles/{targetUid}/friendRequests/{requestId}"
      },
      "region": "nam5"
    },
    "labels": {
      "deployment-tool": "cli-firebase"
    },
    "serviceAccount": null,
    "ingressSettings": null,
    "availableMemoryMb": null,
    "timeoutSeconds": null,
    "maxInstances": null,
    "minInstances": null,
    "concurrency": 80,
    "vpc": null,
    "environmentVariables": {
      "FIREBASE_CONFIG": "{\"projectId\":\"mybaseballpassport\",\"storageBucket\":\"mybaseballpassport.firebasestorage.app\"}",
      "GCLOUD_PROJECT": "mybaseballpassport",
      "EVENTARC_CLOUD_EVENT_SOURCE": "projects/mybaseballpassport/locations/us-central1/services/onFriendRequest"
    },
    "codebase": "default",
    "cpu": 1,
    "targetedByOnly": false,
    "hash": "3988e49557b98ae60d9676881050bf6f447c5821"
  },
  "op": "create",
  "original": {
    "name": "FirebaseError",
    "children": [],
    "context": {
      "function": "projects/mybaseballpassport/locations/us-central1/functions/onFriendRequest"
    },
    "exit": 1,
    "message": "Failed to create function projects/mybaseballpassport/locations/us-central1/functions/onFriendRequest",
    "original": {
      "name": "FirebaseError",
      "children": [],
      "context": {
        "body": {
          "error": {
            "code": 400,
            "message": "Validation failed for trigger projects/mybaseballpassport/locations/nam5/triggers/onfriendrequest-477523: Invalid resource state for \"\": Permission denied while using the Eventarc Service Agent. If you recently started to use Eventarc, it may take a few minutes before all necessary permissions are propagated to the Service Agent. Otherwise, verify that it has Eventarc Service Agent role.",
            "status": "FAILED_PRECONDITION"
          }
        },
        "response": {
          "statusCode": 400
        }
      },
      "exit": 1,
      "message": "Request to https://cloudfunctions.googleapis.com/v2/projects/mybaseballpassport/locations/us-central1/functions?functionId=onFriendRequest had HTTP Error: 400, Validation failed for trigger projects/mybaseballpassport/locations/nam5/triggers/onfriendrequest-477523: Invalid resource state for \"\": Permission denied while using the Eventarc Service Agent. If you recently started to use Eventarc, it may take a few minutes before all necessary permissions are propagated to the Service Agent. Otherwise, verify that it has Eventarc Service Agent role.",
      "status": 400
    },
    "status": 400,
    "code": 400
  }
}
[debug] [2026-03-13T17:54:24.606Z] {
  "endpoint": {
    "id": "onCheerAdded",
    "project": "mybaseballpassport",
    "region": "us-central1",
    "entryPoint": "onCheerAdded",
    "platform": "gcfv2",
    "runtime": "nodejs24",
    "eventTrigger": {
      "eventType": "google.cloud.firestore.document.v1.created",
      "retry": false,
      "eventFilters": {
        "database": "(default)",
        "namespace": "(default)"
      },
      "eventFilterPathPatterns": {
        "document": "profiles/{ownerUid}/checkins/{checkinId}/cheers/{cheerId}"
      },
      "region": "nam5"
    },
    "labels": {
      "deployment-tool": "cli-firebase"
    },
    "serviceAccount": null,
    "ingressSettings": null,
    "availableMemoryMb": null,
    "timeoutSeconds": null,
    "maxInstances": null,
    "minInstances": null,
    "concurrency": 80,
    "vpc": null,
    "environmentVariables": {
      "FIREBASE_CONFIG": "{\"projectId\":\"mybaseballpassport\",\"storageBucket\":\"mybaseballpassport.firebasestorage.app\"}",
      "GCLOUD_PROJECT": "mybaseballpassport",
      "EVENTARC_CLOUD_EVENT_SOURCE": "projects/mybaseballpassport/locations/us-central1/services/onCheerAdded"
    },
    "codebase": "default",
    "cpu": 1,
    "targetedByOnly": false,
    "hash": "3988e49557b98ae60d9676881050bf6f447c5821"
  },
  "op": "create",
  "original": {
    "name": "FirebaseError",
    "children": [],
    "context": {
      "function": "projects/mybaseballpassport/locations/us-central1/functions/onCheerAdded"
    },
    "exit": 1,
    "message": "Failed to create function projects/mybaseballpassport/locations/us-central1/functions/onCheerAdded",
    "original": {
      "name": "FirebaseError",
      "children": [],
      "context": {
        "body": {
          "error": {
            "code": 400,
            "message": "Validation failed for trigger projects/mybaseballpassport/locations/nam5/triggers/oncheeradded-902698: Invalid resource state for \"\": Permission denied while using the Eventarc Service Agent. If you recently started to use Eventarc, it may take a few minutes before all necessary permissions are propagated to the Service Agent. Otherwise, verify that it has Eventarc Service Agent role.",
            "status": "FAILED_PRECONDITION"
          }
        },
        "response": {
          "statusCode": 400
        }
      },
      "exit": 1,
      "message": "Request to https://cloudfunctions.googleapis.com/v2/projects/mybaseballpassport/locations/us-central1/functions?functionId=onCheerAdded had HTTP Error: 400, Validation failed for trigger projects/mybaseballpassport/locations/nam5/triggers/oncheeradded-902698: Invalid resource state for \"\": Permission denied while using the Eventarc Service Agent. If you recently started to use Eventarc, it may take a few minutes before all necessary permissions are propagated to the Service Agent. Otherwise, verify that it has Eventarc Service Agent role.",
      "status": 400
    },
    "status": 400,
    "code": 400
  }
}
[debug] [2026-03-13T17:54:24.606Z] {
  "endpoint": {
    "id": "onFriendCheckin",
    "project": "mybaseballpassport",
    "region": "us-central1",
    "entryPoint": "onFriendCheckin",
    "platform": "gcfv2",
    "runtime": "nodejs24",
    "eventTrigger": {
      "eventType": "google.cloud.firestore.document.v1.created",
      "retry": false,
      "eventFilters": {
        "database": "(default)",
        "namespace": "(default)"
      },
      "eventFilterPathPatterns": {
        "document": "profiles/{userUid}/checkins/{checkinId}"
      },
      "region": "nam5"
    },
    "labels": {
      "deployment-tool": "cli-firebase"
    },
    "serviceAccount": null,
    "ingressSettings": null,
    "availableMemoryMb": null,
    "timeoutSeconds": null,
    "maxInstances": null,
    "minInstances": null,
    "concurrency": 80,
    "vpc": null,
    "environmentVariables": {
      "FIREBASE_CONFIG": "{\"projectId\":\"mybaseballpassport\",\"storageBucket\":\"mybaseballpassport.firebasestorage.app\"}",
      "GCLOUD_PROJECT": "mybaseballpassport",
      "EVENTARC_CLOUD_EVENT_SOURCE": "projects/mybaseballpassport/locations/us-central1/services/onFriendCheckin"
    },
    "codebase": "default",
    "cpu": 1,
    "targetedByOnly": false,
    "hash": "3988e49557b98ae60d9676881050bf6f447c5821"
  },
  "op": "create",
  "original": {
    "name": "FirebaseError",
    "children": [],
    "context": {
      "function": "projects/mybaseballpassport/locations/us-central1/functions/onFriendCheckin"
    },
    "exit": 1,
    "message": "Failed to create function projects/mybaseballpassport/locations/us-central1/functions/onFriendCheckin",
    "original": {
      "name": "FirebaseError",
      "children": [],
      "context": {
        "body": {
          "error": {
            "code": 400,
            "message": "Validation failed for trigger projects/mybaseballpassport/locations/nam5/triggers/onfriendcheckin-422791: Invalid resource state for \"\": Permission denied while using the Eventarc Service Agent. If you recently started to use Eventarc, it may take a few minutes before all necessary permissions are propagated to the Service Agent. Otherwise, verify that it has Eventarc Service Agent role.",
            "status": "FAILED_PRECONDITION"
          }
        },
        "response": {
          "statusCode": 400
        }
      },
      "exit": 1,
      "message": "Request to https://cloudfunctions.googleapis.com/v2/projects/mybaseballpassport/locations/us-central1/functions?functionId=onFriendCheckin had HTTP Error: 400, Validation failed for trigger projects/mybaseballpassport/locations/nam5/triggers/onfriendcheckin-422791: Invalid resource state for \"\": Permission denied while using the Eventarc Service Agent. If you recently started to use Eventarc, it may take a few minutes before all necessary permissions are propagated to the Service Agent. Otherwise, verify that it has Eventarc Service Agent role.",
      "status": 400
    },
    "status": 400,
    "code": 400
  }
}
[error] Error: There was an error deploying functions:
[error] - Error Failed to create function onChirpAdded in region us-central1
[error] - Error Failed to create function onFriendRequest in region us-central1
[error] - Error Failed to create function onCheerAdded in region us-central1
[error] - Error Failed to create function onFriendCheckin in region us-central1
